Actual (kWh),Predicted (kWh),Error (kWh)
121.2,115.38042,5.819583129882815
117.1,114.740486,2.359513854980463
117.8,111.93083,5.86916809082031
116.5,111.49625,5.003753662109375
116.0,110.37991,5.620086669921875
115.5,108.898636,6.6013641357421875
113.9,110.30195,3.5980514526367244
111.0,110.12078,0.8792190551757812
109.8,108.72535,1.074650573730466
110.1,108.48574,1.6142593383789006
108.6,108.31068,0.28932342529296307
108.6,106.65944,1.9405609130859318
106.9,106.56905,0.33094635009766193
108.0,105.225235,2.7747650146484375
112.4,107.0551,5.344900512695318
112.0,110.06622,1.93377685546875
114.2,110.48203,3.7179672241210966
120.7,114.26768,6.432322692871097
119.6,123.94633,-4.346327209472662
120.9,121.6882,-0.7882019042968693
130.0,129.4357,0.564300537109375
209.6,132.3889,77.21109924316406
151.6,159.9951,-8.395101928710943
143.1,154.1498,-11.049795532226568
143.1,148.84915,-5.749151611328131
143.1,149.26434,-6.164343261718756
141.3,150.75934,-9.459338378906239
136.4,149.69182,-13.291818237304682
143.6,147.64085,-4.040853881835943
144.3,149.73387,-5.433871459960926
145.2,149.89616,-4.696163940429699
145.1,147.96364,-2.863638305664068
145.5,148.39412,-2.8941192626953125
197.3,149.19257,48.10743408203126
166.4,172.97853,-6.578530883789057
144.9,154.38881,-9.488809204101557
144.1,149.30931,-5.209310913085943
144.0,146.41887,-2.4188690185546875
144.0,152.05305,-8.053054809570312
144.1,153.2549,-9.154898071289068
143.9,151.49593,-7.595925903320307
144.0,149.23413,-5.234130859375
141.1,147.9399,-6.839895629882818
134.1,141.10713,-7.007131958007818
114.3,132.82083,-18.520831298828128
102.2,118.09486,-15.894856262207028
107.4,111.895485,-4.495484924316401
104.0,112.62668,-8.626678466796875
102.6,112.7271,-10.127096557617193
102.0,106.7219,-4.721900939941406
102.3,105.99158,-3.691577148437503
100.1,105.48977,-5.389768981933599
98.7,102.96741,-4.267407226562497
99.0,100.82607,-1.8260726928710938
100.9,101.78183,-0.8818298339843693
102.5,102.76387,-0.2638702392578125
102.0,104.298996,-2.2989959716796875
101.3,103.97586,-2.675860595703128
99.0,103.27282,-4.272819519042969
100.5,101.74636,-1.2463607788085938
104.6,104.18256,0.41743621826171307
96.2,106.09872,-9.898716735839841
90.8,100.86144,-10.061442565917972
86.9,96.2539,-9.353898620605463
86.1,93.43451,-7.334509277343756
84.7,93.6054,-8.905400085449216
82.3,92.09407,-9.794070434570315
81.5,90.582756,-9.082756042480469
82.8,89.28855,-6.488551330566409
89.0,91.28707,-2.2870712280273438
87.8,96.1477,-8.347697448730472
88.4,93.38792,-4.987916564941401
90.9,94.46022,-3.560220336914057
93.1,95.72201,-2.6220077514648494
93.1,96.587746,-3.487745666503912
98.5,96.97916,1.520843505859375
101.4,98.666046,2.7339538574218807
103.3,100.81245,2.487553405761716
105.0,101.87586,3.1241378784179688
105.5,104.26657,1.233428955078125
118.7,105.97317,12.726832580566409
208.4,113.458694,94.9413055419922
138.4,155.98201,-17.582009887695307
144.0,147.80809,-3.8080902099609375
144.0,145.02563,-1.025634765625
144.0,143.45616,0.5438385009765625
130.5,144.66823,-14.168228149414062
103.5,133.13675,-29.636749267578125
105.1,119.276405,-14.176405334472662
109.4,116.80471,-7.404710388183588
109.4,118.22639,-8.826387023925776
105.4,118.97904,-13.57904205322265
106.6,118.15964,-11.55963745117188
112.1,118.13027,-6.030271911621099
109.7,116.58592,-6.885922241210935
106.6,113.733826,-7.133825683593756
108.8,111.051186,-2.251185607910159
111.0,111.78915,-0.7891464233398438
111.4,112.27207,-0.8720718383789006
108.1,111.73789,-3.637892150878912
107.3,110.07813,-2.778132629394534
105.0,108.726,-3.7259979248046875
105.0,108.01003,-3.0100326538085938
105.0,107.71552,-2.7155227661132812
105.6,108.27567,-2.675672912597662
105.0,108.76877,-3.768768310546875
105.5,108.810974,-3.31097412109375
105.1,108.90574,-3.805738830566412
103.8,108.9439,-5.143901062011722
102.7,108.02526,-5.325260925292966
101.0,107.86906,-6.869056701660156
99.1,106.970726,-7.870726013183599
99.0,105.944,-6.944000244140625
99.0,106.62899,-7.628990173339844
98.9,107.07121,-8.171212768554682
97.5,106.33084,-8.830841064453125
100.9,105.755455,-4.855455017089838
109.7,109.335175,0.36482543945312784
110.8,117.84132,-7.041316223144534
115.6,114.75991,0.8400894165039006
113.9,117.4759,-3.5758987426757756
114.5,121.86107,-7.3610687255859375
117.2,122.78215,-5.582150268554685
117.0,124.341255,-7.341255187988281
113.8,125.78341,-11.983409118652347
111.0,125.75059,-14.750587463378906
110.7,124.32492,-13.624920654296872
115.4,122.96321,-7.563211059570307
137.1,122.41159,14.68840942382812
254.3,127.31163,126.98836975097657
217.5,168.38872,49.11128234863281
206.4,185.34088,21.059118652343756
201.1,187.49644,13.603555297851557
203.2,182.63155,20.568453979492176
176.2,183.01907,-6.819073486328136
124.3,160.38441,-36.084414672851565
120.0,131.63129,-11.63128662109375
113.8,120.10738,-6.307383728027347
103.9,119.86719,-15.967187499999994
103.5,110.47487,-6.9748687744140625
98.2,107.998604,-9.798603820800778
88.2,103.841064,-15.641064453124997
89.7,96.67693,-6.976933288574216
90.4,95.76488,-5.364877319335932
90.2,94.62373,-4.42373352050781
91.4,94.497986,-3.0979858398437443
95.4,95.74659,-0.34658966064452557
96.8,97.28956,-0.4895584106445341
99.8,98.14511,1.6548889160156222
101.4,99.87744,1.5225585937500057
102.0,102.51016,-0.510162353515625
102.0,103.2449,-1.244903564453125
101.5,103.29384,-1.7938385009765625
99.0,102.321434,-3.3214340209960938
99.0,101.52636,-2.5263595581054688
96.0,100.34931,-4.349311828613281
94.8,99.77786,-4.977862548828128
93.0,98.32363,-5.323631286621094
93.0,98.245674,-5.245674133300781
93.0,98.37974,-5.379737854003906
93.0,98.77247,-5.772468566894531
93.6,98.56979,-4.969793701171881
93.0,99.75876,-6.758758544921875
93.0,99.51133,-6.511329650878906
96.2,100.18559,-3.9855926513671847
104.0,103.83026,0.16973876953125
102.4,109.75917,-7.359170532226557
108.0,106.033806,1.9661941528320312
109.2,109.20611,-0.006108093261715908
112.4,112.25834,0.14166107177734943
115.2,116.98599,-1.7859924316406222
115.5,121.35224,-5.852241516113281
118.4,123.460396,-5.060395812988276
141.9,124.5071,17.392897033691412
142.8,130.73137,12.068630981445324
117.0,133.47868,-16.478683471679688
129.0,127.36649,1.6335067749023438
146.7,129.76888,16.931124877929676
170.0,131.41524,38.58476257324219
134.2,131.03174,3.1682617187499886
130.8,132.79166,-1.9916564941406136
118.7,131.52179,-12.821789550781247
107.5,126.23292,-18.73291778564453
99.5,120.757706,-21.257705688476562
106.2,115.92958,-9.72958068847656
115.6,114.25161,1.3483901977539006
107.1,118.491135,-11.391134643554693
100.7,115.20537,-14.505368041992185
99.3,110.45537,-11.15536804199219
95.3,109.03505,-13.735049438476565
96.0,105.647705,-9.647705078125
96.5,104.85438,-8.354377746582031
97.4,104.11348,-6.713479614257807
96.5,104.31743,-7.8174285888671875
96.0,103.01733,-7.017326354980469
95.3,102.3295,-7.029498291015628
94.6,100.846664,-6.246664428710943
91.4,99.44109,-8.041093444824213
93.0,98.29361,-5.293609619140625
91.0,98.73934,-7.739341735839844
90.0,97.81801,-7.8180084228515625
88.6,97.003,-8.402998352050787
87.0,95.87862,-8.878616333007812
87.0,95.10637,-8.106369018554688
86.9,95.08114,-8.181138610839838
83.6,94.94298,-11.342977905273443
83.1,93.18796,-10.08795776367188
82.5,93.32822,-10.828216552734375
84.0,93.39649,-9.396492004394531
83.1,94.04361,-10.94360961914063
80.9,93.28524,-12.385240173339838
81.0,92.10425,-11.104248046875
84.0,93.548615,-9.548614501953125
92.9,95.8906,-2.9906021118164006
89.6,101.95194,-12.351942443847662
93.0,97.03139,-4.0313873291015625
97.6,100.28798,-2.687979125976568
102.3,102.14642,0.15357666015624716
105.4,106.637474,-1.237474060058588
103.4,108.062485,-4.662484741210932
106.0,110.03248,-4.032478332519531
109.0,112.10199,-3.10198974609375
105.9,114.7474,-8.847398376464838
103.0,116.33243,-13.332427978515625
115.7,117.81345,-2.1134536743164034
143.1,124.661705,18.43829498291015
135.4,133.8607,1.5392974853515682
124.0,134.93872,-10.938720703125
122.9,131.10918,-8.209176635742182
114.3,129.95583,-15.655825805664065
104.0,128.4518,-24.451797485351562
97.4,124.22739,-26.82738647460937
99.5,117.87066,-18.37065887451172
101.6,113.61979,-12.019789123535162
104.3,111.74201,-7.442012023925784
103.8,111.71787,-7.917872619628909
100.2,110.43962,-10.239620971679685
104.4,107.82819,-3.4281936645507756
107.2,110.24788,-3.0478790283203097
105.2,111.74655,-6.546551513671872
102.4,110.75344,-8.353440856933588
101.6,108.47306,-6.873060607910162
99.8,106.88597,-7.08597106933594
99.2,105.638054,-6.438053894042966
99.0,105.190315,-6.190315246582031
99.4,104.90825,-5.508248901367182
102.1,105.12867,-3.028669738769537
101.2,105.894554,-4.694554138183591
98.8,106.115776,-7.315776062011722
96.2,105.129875,-8.929875183105466
96.5,103.71492,-7.2149200439453125
97.9,102.837105,-4.937104797363276
96.0,102.373215,-6.3732147216796875
95.5,101.769615,-6.269615173339844
93.0,102.1032,-9.103202819824219
94.8,100.725,-5.924998474121097
96.0,101.17317,-5.1731719970703125
96.0,101.2331,-5.233100891113281
96.0,101.190704,-5.190704345703125
98.2,102.76691,-4.566906738281247
100.6,104.54408,-3.944082641601568
107.9,107.87208,0.027922058105474434
106.2,119.54138,-13.341381835937497
109.0,114.50997,-5.509971618652344
110.8,115.4922,-4.692202758789065
115.6,119.61193,-4.011930847167974
116.0,121.7872,-5.787200927734375
120.5,122.63663,-2.136627197265625
123.8,124.3151,-0.5151016235351591
118.9,126.03487,-7.134866333007807
114.9,127.1007,-12.200700378417963
112.4,126.886826,-14.486825561523432
107.8,125.80727,-18.007266235351565
108.3,122.672745,-14.372744750976565
108.5,121.05614,-12.556137084960938
113.5,119.461815,-5.961814880371094
117.1,122.57365,-5.473646545410162
120.5,125.2572,-4.7572021484375
115.3,125.94508,-10.645083618164065
113.1,123.43961,-10.339613342285162
114.5,121.992,-7.491996765136719
113.4,122.81477,-9.414773559570307
108.7,123.0143,-14.31429748535156
112.9,121.00719,-8.107186889648432
108.6,122.85938,-14.259382629394537
110.7,121.11799,-10.417988586425778
109.4,117.005005,-7.605004882812494
110.5,115.38043,-4.88043212890625
111.0,115.765,-4.7649993896484375
111.0,115.41314,-4.413139343261719
111.0,115.27154,-4.271537780761719
108.5,114.71465,-6.214653015136719
107.0,113.00507,-6.005073547363281
105.0,110.40739,-5.407386779785156
104.9,109.1535,-4.253503417968744
105.0,107.44443,-2.444427490234375
105.0,107.25194,-2.2519378662109375
103.0,107.22201,-4.222007751464844
100.9,106.665794,-5.765794372558588
99.3,104.90547,-5.605471801757815
99.1,103.62019,-4.520193481445318
100.6,103.95846,-3.3584579467773494
99.0,104.421875,-5.421875
99.0,104.43437,-5.4343719482421875
99.0,104.261696,-5.261695861816406
99.0,103.86594,-4.865936279296875
96.9,104.54232,-7.642320251464838
98.8,103.96354,-5.163539123535159
99.7,104.67203,-4.972027587890622
102.8,106.94378,-4.143778991699222
107.0,110.07695,-3.0769500732421875
111.8,112.87636,-1.0763580322265653
115.8,115.99971,-0.19971008300781534
119.5,119.134605,0.36539459228515625
122.5,120.48571,2.0142898559570312
123.4,121.515594,1.8844055175781307
126.2,122.173805,4.026194763183597
128.0,123.884605,4.115394592285156
116.9,125.37791,-8.4779067993164
120.1,123.14174,-3.041738891601568
115.4,123.548775,-8.148774719238276
104.1,120.10723,-16.007231140136724
112.0,112.46137,-0.46137237548828125
107.1,113.145744,-6.045744323730474
108.5,110.96479,-2.4647903442382812
117.9,111.37967,6.520330810546881
121.6,116.33211,5.267892456054682
118.0,118.462814,-0.4628143310546875
116.5,117.53357,-1.0335693359375
120.0,117.26031,2.7396926879882812
119.8,119.086464,0.7135360717773409
120.0,118.856255,1.1437454223632812
119.6,120.03934,-0.4393371582031307
116.7,120.47899,-3.7789886474609347
114.5,118.95703,-4.45703125
115.9,117.4613,-1.5613037109374943
117.0,117.69691,-0.6969070434570312
118.2,118.864,-0.6639984130859347
119.2,119.27599,-0.07599334716796591
117.2,120.36154,-3.161541748046872
117.0,119.74112,-2.741119384765625
117.0,118.71785,-1.7178497314453125
117.2,118.5584,-1.358403015136716
117.9,118.81924,-0.9192367553710881
116.7,118.40207,-1.7020690917968722
114.0,117.4712,-3.4711990356445312
113.3,115.865486,-2.565486145019534
112.8,115.43423,-2.6342269897460966
111.1,115.69358,-4.593580627441412
111.0,114.25105,-3.2510528564453125
111.7,114.18319,-2.483189392089841
111.5,115.143234,-3.6432342529296875
113.0,114.61916,-1.6191635131835938
111.4,115.38343,-3.9834304809570256
111.3,115.158646,-3.8586456298828153
112.0,115.44845,-3.4484481811523438
107.7,115.3034,-7.603398132324216
121.0,114.88159,6.118408203125
110.0,130.76498,-20.764984130859375
108.4,125.957054,-17.557054138183588
109.4,128.34218,-18.942178344726557
113.6,129.72571,-16.125708007812506
119.9,129.29944,-9.399438476562494
123.1,128.8141,-5.714102172851568
123.8,128.94278,-5.142779541015628
122.8,130.27905,-7.479052734375003
123.0,130.44145,-7.4414520263671875
121.3,131.17812,-9.878115844726565
130.9,131.25874,-0.3587432861328068
170.9,132.53938,38.36061706542969
218.8,138.8862,79.91380004882814
138.9,165.0714,-26.171395874023432
143.7,147.54053,-3.8405273437500114
130.8,138.40475,-7.604754638671864
139.3,127.88836,11.411640930175793
100.0,118.835434,-18.835433959960938
99.3,115.055016,-15.755015563964847
101.8,110.66992,-8.869921875000003
104.2,108.023636,-3.8236358642578097
105.4,108.33549,-2.9354873657226506
106.0,109.55188,-3.5518798828125
105.0,109.23098,-4.230979919433594
107.4,109.28212,-1.8821197509765568
109.3,110.272026,-0.9720260620117216
111.3,110.57085,0.7291534423828097
111.6,110.530106,1.0698944091796818
112.0,110.32866,1.6713409423828125
111.2,109.404305,1.7956954956054716
109.7,108.00962,1.6903793334960966
111.0,106.01677,4.9832305908203125
110.4,105.32428,5.075720214843756
111.6,104.89037,6.709626770019526
111.6,105.852104,5.747895812988276
108.8,105.86963,2.930371093749997
109.7,104.41158,5.288417053222659
108.6,104.79036,3.809640502929682
107.5,104.910095,2.58990478515625
105.4,104.010475,1.3895248413085994
107.1,103.70871,3.3912902832031193
106.1,105.85661,0.24338684082030682
105.1,106.263535,-1.1635345458984432
104.5,107.78738,-3.2873764038085938
102.9,107.758766,-4.858766174316401
102.2,107.93318,-5.73318176269531
107.1,107.709915,-0.6099151611328182
117.5,118.49034,-0.9903411865234375
110.7,128.56197,-17.86196594238281
106.7,124.25777,-17.55776672363281
109.4,122.657715,-13.257714843749994
109.6,123.746025,-14.146025085449224
114.8,124.19999,-9.399989318847659
183.5,125.1528,58.347198486328125
125.9,141.03287,-15.13286743164062
130.0,134.40645,-4.4064483642578125
121.6,128.13495,-6.534948730468756
107.1,124.60101,-17.501013183593756
126.4,121.03407,5.365927124023443
144.0,123.47986,20.5201416015625
141.5,130.2144,11.285598754882812
130.4,133.2567,-2.856698608398432
132.1,129.0538,3.0461975097656193
135.2,128.25067,6.949328613281239
130.9,128.25453,2.645468139648443
123.5,128.9581,-5.458099365234375
126.4,121.54444,4.855558776855474
118.9,120.90017,-2.000169372558588
117.0,118.07991,-1.0799102783203125
114.5,117.895546,-3.3955459594726562
103.0,116.44234,-13.442337036132812
96.2,110.99542,-14.795422363281247
99.1,105.99153,-6.891531372070318
103.0,105.29474,-2.29473876953125
106.9,107.96117,-1.0611663818359318
105.0,109.227875,-4.227874755859375
105.0,107.74348,-2.7434768676757812
104.2,106.89278,-2.6927764892578097
103.5,106.10591,-2.6059112548828125
104.5,104.92991,-0.42990875244140625
102.5,104.4856,-1.9856033325195312
101.2,103.73393,-2.5339324951171847
98.2,102.78936,-4.589360046386716
97.4,100.53515,-3.135148620605463
99.6,100.12385,-0.5238479614257869
99.0,101.49041,-2.4904098510742188
97.9,100.348206,-2.4482055664062443
96.2,99.911446,-3.7114456176757784
96.0,99.10076,-3.1007614135742188
98.4,99.40427,-1.0042663574218693
99.0,101.38132,-2.381317138671875
99.0,101.717964,-2.7179641723632812
98.9,101.98367,-3.0836730957031193
97.1,102.49048,-5.390478515625006
102.5,101.73887,0.7611312866210938
117.2,107.812775,9.387225341796878
112.1,121.313866,-9.2138656616211
117.6,116.21008,1.3899169921874943
122.6,120.75499,1.8450103759765568
125.6,122.590515,3.0094848632812443
125.3,124.058556,1.2414443969726534
126.4,125.351654,1.0483459472656307
125.7,126.46025,-0.7602508544921847
118.7,126.59492,-7.894917297363278
115.8,124.919426,-9.119425964355472
119.8,123.29204,-3.4920379638671903
130.7,123.46772,7.232279968261707
144.0,127.649666,16.35033416748047
144.0,133.59584,10.404159545898438
144.0,138.1987,5.801300048828125
144.0,138.80269,5.1973114013671875
142.7,138.98914,3.7108642578124886
133.3,137.62932,-4.329318237304676
121.4,130.23529,-8.835290527343744
128.6,121.31012,7.289880371093744
130.6,122.80506,7.794938659667963
127.2,124.77804,2.421961975097659
121.3,123.803,-2.5030014038085966
117.6,121.14981,-3.5498107910156307
112.6,119.21375,-6.613752746582037
110.7,117.941246,-7.241246032714841
108.6,115.61699,-7.016989135742193
108.3,114.2839,-5.983897399902347
107.1,112.953865,-5.853865051269537
108.0,111.09979,-3.09979248046875
108.3,111.29005,-2.990046691894534
112.1,110.86809,1.2319122314453068
111.5,112.33357,-0.8335723876953125
111.8,112.05035,-0.2503463745117216
111.5,111.95494,-0.4549407958984375
112.6,111.5709,1.029100036621088
112.1,111.39038,0.7096191406249943
111.8,111.26589,0.5341079711914034
111.0,111.76984,-0.76983642578125
111.2,110.75859,0.44140930175781534
111.0,110.861855,0.13814544677734375
109.8,110.65754,-0.8575393676757841
108.0,110.13718,-2.137176513671875
108.0,110.202194,-2.2021942138671875
107.8,111.13244,-3.3324386596679716
106.5,111.6522,-5.152198791503906
108.0,113.049805,-5.0498046875
111.0,115.05118,-4.051177978515625
121.8,118.70903,3.0909698486328097
120.4,129.95157,-9.55156860351562
123.2,128.14343,-4.943432617187497
126.6,127.713234,-1.113233947753912
129.9,128.00705,1.8929504394531307
133.4,128.36488,5.035116577148443
144.0,130.9773,13.022705078125
144.0,137.7367,6.2633056640625
143.7,139.36313,4.336871337890614
133.9,137.36424,-3.464242553710932
125.4,132.88705,-7.487054443359369
136.2,128.11858,8.081423950195301
144.0,130.65948,13.34051513671875
141.5,135.33453,6.16546630859375
128.8,137.09464,-8.294635009765614
125.4,131.54738,-6.147378540039057
122.6,129.33965,-6.739645385742193
128.3,128.0233,0.27669982910157387
124.0,127.64506,-3.6450576782226562
122.0,122.36791,-0.36791229248046875
113.2,120.23493,-7.034931945800778
110.2,117.3135,-7.113499450683591
107.8,115.1729,-7.37289733886719
108.7,114.292816,-5.592816162109372
105.0,114.89054,-9.890541076660156
105.5,113.90309,-8.403091430664062
105.0,112.6528,-7.652801513671875
104.3,111.240005,-6.940005493164065
103.6,109.43307,-5.833067321777349
107.3,108.79692,-1.4969207763671903
107.1,109.39309,-2.2930892944335994
105.5,108.4566,-2.9565963745117188
105.0,106.98643,-1.9864273071289062
104.9,105.208405,-0.3084045410156193
105.0,104.59472,0.40528106689453125
105.0,104.30996,0.6900405883789062
104.4,104.14216,0.25784149169922443
104.0,103.149025,0.8509750366210938
103.3,102.44204,0.8579605102539034
105.0,102.21908,2.7809219360351562
105.0,102.699295,2.3007049560546875
103.6,103.494026,0.10597381591796307
102.6,103.4288,-0.8288024902343807
105.2,103.84718,1.3528167724609403
106.0,106.62815,-0.6281509399414062
104.9,108.86524,-3.9652420043945256
105.9,108.01063,-2.1106277465820256
109.0,109.72861,-0.728607177734375
121.9,112.87421,9.025793457031256
122.1,126.92007,-4.820066833496099
125.7,127.76357,-2.063572692871091
130.5,128.86224,1.63775634765625
131.0,128.8043,2.1956939697265625
133.4,128.44835,4.951651000976568
132.5,128.02792,4.472076416015625
131.5,128.7685,2.73150634765625
132.5,128.88184,3.6181640625
130.9,129.21457,1.6854309082031307
128.1,128.71295,-0.6129516601562557
130.7,127.860916,2.839083862304676
143.6,129.30368,14.29631958007812
140.1,132.94008,7.159921264648432
140.9,133.5048,7.395193481445318
135.8,133.47963,2.320370483398449
134.4,132.81757,1.5824340820312557
128.0,132.72281,-4.722808837890625
119.7,129.03563,-9.335629272460935
129.1,122.96541,6.134591674804682
135.7,125.9665,9.733500671386707
130.6,126.63984,3.960160827636713
129.1,125.156586,3.9434143066406193
123.2,125.20295,-2.0029495239257784
115.2,122.78773,-7.587727355957028
114.0,119.446236,-5.446235656738281
112.4,117.54522,-5.145219421386713
112.7,115.89717,-3.1971710205078097
115.3,115.56066,-0.2606613159179716
117.4,116.209114,1.1908859252929744
116.1,116.63674,-0.5367416381835994
116.2,115.00359,1.196406555175784
114.8,114.23238,0.5676162719726534
115.2,113.20076,1.9992401123046903
114.0,112.47871,1.5212936401367188
113.1,111.90311,1.1968933105468693
108.8,111.5109,-2.710902404785159
108.1,109.67585,-1.575849914550787
109.4,108.94986,0.4501403808593807
105.9,108.336815,-2.436814880371088
102.0,106.46278,-4.4627838134765625
102.0,104.17244,-2.1724395751953125
101.5,103.503845,-2.00384521484375
102.0,102.22787,-0.22786712646484375
101.9,103.81093,-1.9109283447265568
102.1,104.00998,-1.9099792480468807
104.1,105.880135,-1.780134582519537
107.6,108.45143,-0.8514312744140682
119.2,114.2757,4.924296569824222
112.7,122.11931,-9.419308471679685
113.0,118.904816,-5.904815673828125
118.7,120.6011,-1.901097106933591
126.9,123.369415,3.5305847167968807
132.1,126.47406,5.625939941406244
132.6,128.33629,4.263711547851557
134.9,129.18149,5.718511962890631
130.3,130.60284,-0.30284423828123863
120.2,130.53612,-10.336117553710935
121.4,129.45709,-8.057092285156244
122.6,128.76273,-6.162725830078131
123.9,129.03278,-5.132775878906244
134.0,128.58,5.4199981689453125
135.0,129.6504,5.3495941162109375
138.2,130.139,8.060992431640614
144.1,130.2037,13.89629516601562
144.4,131.685,12.715002441406256
144.2,132.5106,11.689395141601551
139.9,132.85437,7.045629882812506
132.1,129.90321,2.196786499023432
138.3,126.818756,11.481243896484386
127.6,128.74722,-1.1472229003906307
119.2,124.73691,-5.536907958984372
109.8,119.95867,-10.158671569824222
109.7,115.06903,-5.369030761718747
111.2,112.67659,-1.4765899658203097
113.7,112.28108,1.4189178466796903
114.0,113.15258,0.8474197387695312
112.7,112.70693,-0.006932067871090908
111.9,111.13727,0.7627319335937557
114.0,110.92032,3.079681396484375
113.1,111.4039,1.6960998535156193
112.0,111.09141,0.9085922241210938
113.7,110.976036,2.723963928222659
114.0,112.07089,1.929107666015625
112.0,112.84562,-0.8456192016601562
111.0,112.004005,-1.0040054321289062
111.0,111.401794,-0.40179443359375
111.3,112.10408,-0.8040802001953153
111.0,112.13852,-1.138519287109375
110.7,111.21293,-0.5129287719726534
109.3,111.8817,-2.5816986083984403
108.0,110.49724,-2.4972381591796875
108.1,111.18626,-3.086256408691412
106.6,111.22915,-4.629148864746099
109.6,110.75704,-1.1570419311523494
111.0,113.08268,-2.0826797485351562
111.0,116.61375,-5.613746643066406
117.0,118.8441,-1.8441009521484375
124.5,121.38208,3.117919921875
127.0,123.653824,3.3461761474609375
127.3,123.49874,3.8012588500976534
126.1,123.629456,2.4705444335937443
123.5,124.27594,-0.77593994140625
124.4,124.22772,0.17227783203125568
122.1,124.119896,-2.0198959350585994
120.0,123.43915,-3.43914794921875
116.4,123.06976,-6.669763183593744
115.6,121.95758,-6.357580566406256
109.6,122.299,-12.699003601074224
108.9,120.44909,-11.549089050292963
115.1,119.44541,-4.345411682128912
119.2,120.13957,-0.9395721435546847
109.7,122.12954,-12.429539489746091
101.2,119.47357,-18.273571777343747
96.4,117.04825,-20.64824829101562
103.4,114.10851,-10.708512878417963
105.3,114.54444,-9.244441223144534
111.1,115.75797,-4.657972717285162
112.3,117.192116,-4.892115783691409
108.3,116.8514,-8.551402282714847
109.5,114.50391,-5.00390625
112.8,113.00687,-0.20686645507812784
116.2,113.22318,2.9768173217773466
119.0,115.363525,3.636474609375
118.3,116.25949,2.040509033203122
117.2,115.62077,1.5792266845703153
117.4,113.91909,3.480909729003912
117.5,112.1458,5.3542022705078125
119.1,109.34053,9.759469604492182
117.0,106.31503,10.684967041015625
117.0,105.22413,11.775871276855469
115.8,104.3948,11.405201721191403
113.8,104.47561,9.324391174316403
112.3,103.0953,9.204701232910153
111.0,102.85638,8.143623352050781
111.5,102.97836,8.521636962890625
112.2,104.23099,7.969012451171878
113.4,105.117386,8.282614135742193
114.0,107.2921,6.7079010009765625
114.0,108.792915,5.207084655761719
114.0,111.0814,2.9186019897460938
113.1,114.07947,-0.9794677734375057
114.0,115.65608,-1.6560821533203125
117.2,116.96897,0.2310287475585966
129.0,121.65671,7.343292236328125
132.1,134.56258,-2.462576293945318
135.9,132.57481,3.325186157226568
139.5,130.6697,8.830307006835938
139.8,127.87337,11.926632690429699
136.5,127.571205,8.928794860839844
134.0,128.28784,5.712158203125
134.2,128.62602,5.573977661132801
134.0,128.48456,5.51544189453125
131.0,127.62682,3.3731765747070312
129.4,126.48508,2.9149230957031307
140.3,126.68617,13.613827514648449
143.9,131.04192,12.858084106445318
143.0,136.25334,6.7466583251953125
141.5,137.55376,3.9462432861328125
142.4,137.7505,4.649496459960943
133.1,135.81491,-2.7149108886718807
135.2,131.60182,3.598178100585926
129.9,130.21478,-0.3147827148437443
132.1,124.08594,8.014062499999994
137.6,123.90594,13.694062805175776
138.6,126.571556,12.0284439086914
135.0,128.42493,6.5750732421875
124.9,127.313576,-2.4135757446289006
115.6,123.029335,-7.429335021972662
117.8,119.68318,-1.8831817626953153
120.6,120.410225,0.18977508544921307
119.9,121.862144,-1.962144470214838
121.6,121.04867,0.5513320922851506
122.6,121.93446,0.6655364990234318
122.2,122.16998,0.030017089843752842
125.4,121.65342,3.7465805053710994
125.8,122.23172,3.568280029296872
123.0,122.16671,0.8332901000976562
121.0,120.64389,0.356109619140625
119.5,118.68709,0.8129119873046875
117.0,116.86289,0.13710784912109375
115.2,115.25253,-0.05253295898437216
114.0,112.809296,1.190704345703125
112.1,111.791176,0.30882415771483807
114.1,111.12753,2.9724670410156193
116.4,112.013405,4.386595153808599
115.7,113.55856,2.141436767578128
114.0,113.41371,0.5862884521484375
113.8,112.392136,1.4078643798828097
112.0,111.6635,0.3365020751953125
114.6,111.77617,2.823831176757807
121.4,114.77659,6.623411560058599
137.4,123.910706,13.489294433593756
138.2,137.4126,0.7874023437499886
140.3,136.43542,3.8645751953125114
136.6,134.55405,2.0459533691406193
136.2,130.6626,5.537402343749989
138.6,128.66951,9.930490112304682
138.3,130.01733,8.282666015625011
239.5,130.59789,108.90211486816406
157.8,179.35316,-21.55316467285155
141.3,152.54037,-11.240374755859364
122.8,137.34726,-14.547259521484378
138.7,129.27396,9.426043701171864
241.9,133.29596,108.60404052734376
191.2,185.68306,5.516940307617176
158.7,176.94711,-18.247113037109386
130.0,158.67097,-28.670974731445312
177.8,142.62088,35.179119873046886
128.4,122.858955,5.541044616699224
120.6,129.11766,-8.517660522460943
119.9,123.08293,-3.182931518554682
123.2,124.61861,-1.4186065673828097
123.3,127.91253,-4.612528991699222
134.8,129.86076,4.939236450195324
122.2,132.7848,-10.58480529785156
121.4,128.01811,-6.618112182617182
123.8,123.10092,0.6990783691406222
125.2,123.57321,1.6267883300781278
124.0,124.30254,-0.30254364013671875
124.8,124.08252,0.7174804687499972
124.2,123.68551,0.5144912719726591
121.6,122.49084,-0.8908370971679744
120.0,120.4972,-0.49720001220703125
119.8,119.298065,0.5019348144531222
121.1,117.570045,3.529954528808588
123.0,117.525696,5.47430419921875
124.2,117.61996,6.580043029785159
123.3,118.09609,5.203907775878903
122.8,116.598274,6.201725769042966
122.4,117.14352,5.256483459472662
120.7,117.40202,3.2979766845703153
118.7,116.8991,1.800898742675784
117.2,115.82407,1.3759262084960966
117.0,115.51178,1.48822021484375
116.0,116.69042,-0.6904220581054688
111.3,115.73337,-4.433367919921878
110.9,113.154625,-2.254624938964838
111.4,112.23681,-0.8368087768554631
112.5,113.79684,-1.2968368530273438
116.7,115.775154,0.9248458862304716
115.9,134.89194,-18.99193725585937
120.7,134.60837,-13.908367919921872
126.0,134.36848,-8.368484497070312
125.8,133.76164,-7.96164245605469
123.3,132.47597,-9.175967407226565
122.6,130.31493,-7.714926147460943
119.2,129.46817,-10.268170166015622
118.7,129.17262,-10.47262268066406
119.1,128.86058,-9.760580444335943
116.7,126.52832,-9.828320312499997
125.0,122.97998,2.02001953125
141.1,125.365326,15.73467407226562
131.7,132.06926,-0.36925964355469887
127.8,131.54552,-3.7455169677734403
130.4,131.15398,-0.7539764404296818
135.1,131.14998,3.950021362304682
131.5,132.71439,-1.214385986328125
117.8,132.87108,-15.07107849121094
118.5,123.62028,-5.120277404785156
116.1,123.17979,-7.079786682128912
119.1,121.31714,-2.2171386718750057
116.4,124.86135,-8.461351013183588
112.9,123.89661,-10.996606445312494
113.3,120.40523,-7.105227661132815
116.3,117.60856,-1.308558654785159
117.7,118.37057,-0.6705673217773409
117.5,120.36947,-2.8694686889648438
114.7,119.68278,-4.982777404785153
112.0,117.840355,-5.840354919433594
111.0,115.98946,-4.989463806152344
111.0,115.14783,-4.1478271484375
111.0,114.344475,-3.3444747924804688
113.1,114.87869,-1.7786926269531307
114.3,115.397934,-1.0979339599609403
114.0,116.19813,-2.1981277465820312
109.8,115.51693,-5.716929626464847
108.3,112.429504,-4.129504394531253
108.2,110.802666,-2.602665710449216
108.5,110.497505,-1.9975051879882812
108.0,110.26106,-2.2610626220703125
108.0,108.864655,-0.864654541015625
107.3,107.96947,-0.6694671630859403
107.2,108.24323,-1.0432327270507784
107.1,108.63154,-1.531538391113287
108.8,109.43544,-0.6354400634765653
111.0,114.04899,-3.0489883422851562
110.4,117.99556,-7.595559692382807
114.4,121.209854,-6.809854125976557
115.5,137.83907,-22.339065551757812
117.0,138.23761,-21.23760986328125
119.0,137.14609,-18.146087646484375
122.9,136.96042,-14.06041870117187
133.0,134.67023,-1.67022705078125
219.2,134.70903,84.4909698486328
186.3,170.77849,15.521511840820324
182.7,170.97327,11.726733398437489
168.2,166.04436,2.155642700195301
129.9,151.65517,-21.755166625976557
129.6,131.3863,-1.7863067626953182
144.0,124.115974,19.88402557373047
144.0,144.10121,-0.1012115478515625
144.0,154.26727,-10.26727294921875
143.5,155.91338,-12.413375854492188
140.0,153.01201,-13.012008666992188
130.6,149.06116,-18.461157226562506
114.8,135.33444,-20.534442138671878
117.5,120.98392,-3.483917236328125
117.8,119.12218,-1.3221771240234403
120.0,120.47708,-0.477081298828125
118.6,124.06602,-5.466017150878912
113.6,123.49101,-9.891012573242193
113.6,120.48234,-6.882337951660162
113.3,118.15945,-4.859446716308597
116.0,116.72428,-0.7242813110351562
116.6,118.19959,-1.599592590332037
115.7,118.65664,-2.956639099121091
115.8,118.09033,-2.290332031250003
114.0,117.92246,-3.9224624633789062
114.8,116.95649,-2.156489562988284
114.2,116.41887,-2.2188690185546847
111.9,115.406944,-3.506944274902338
109.3,114.50222,-5.202220153808597
106.3,111.538826,-5.238825988769534
103.1,109.14849,-6.048490905761724
100.3,106.467735,-6.167735290527347
98.5,103.92649,-5.426490783691406
94.9,102.305466,-7.405465698242182
93.0,100.208374,-7.2083740234375
90.2,98.28764,-8.087643432617185
88.6,94.51575,-5.915747070312506
87.1,92.491234,-5.391233825683599
89.1,93.09762,-3.9976181030273494
91.8,94.638535,-2.8385345458984403
94.5,98.04745,-3.5474472045898438
97.1,100.5733,-3.4733032226562557
108.0,105.94628,2.0537185668945312
108.2,122.219765,-14.019764709472653
106.1,115.374756,-9.274755859375006
107.2,112.150696,-4.950695800781247
105.3,113.87403,-8.574031066894534
108.1,116.65512,-8.55512084960938
110.4,118.14166,-7.741662597656244
112.3,121.749855,-9.449855041503909
114.0,123.59903,-9.599029541015625
110.7,125.43152,-14.731518554687497
113.5,125.26592,-11.765922546386719
127.6,125.34756,2.2524429321289006
144.0,129.16519,14.834808349609375
144.0,135.63634,8.363662719726562
144.1,137.98941,6.110589599609369
144.0,136.97052,7.02947998046875
130.2,136.34987,-6.149868774414074
112.9,131.07315,-18.17315063476562
101.1,121.54087,-20.440870666503912
95.7,109.80814,-14.108143615722653
97.6,101.284996,-3.6849960327148494
99.9,102.52164,-2.6216369628906193
104.9,105.87476,-0.9747634887695256
102.6,109.31736,-6.717359924316412
99.6,107.352776,-7.752775573730474
102.0,104.390816,-2.3908157348632812
101.9,108.463486,-6.563485717773432
99.1,108.23926,-9.139257812500006
100.3,106.19563,-5.895632934570315
101.9,106.30934,-4.409341430664057
101.9,106.84612,-4.946122741699213
102.0,105.09436,-3.0943603515625
102.0,105.85847,-3.8584671020507812
101.7,105.651,-3.951000976562497
102.0,105.15571,-3.1557083129882812
101.7,104.851685,-3.151684570312497
99.8,105.1366,-5.336596679687503
101.9,103.204575,-1.3045745849609318
100.0,104.33061,-4.3306121826171875
98.1,104.70827,-6.608267211914068
96.0,103.27576,-7.2757568359375
96.1,103.06514,-6.965139770507818
96.0,102.86878,-6.868782043457031
96.0,102.83895,-6.838951110839844
96.1,102.88673,-6.786726379394537
98.8,102.46752,-3.6675216674804716
99.0,104.243164,-5.2431640625
101.6,105.999214,-4.399214172363287
111.8,108.278,3.5220001220703097
110.0,121.03188,-11.031883239746094
110.5,114.54776,-4.047760009765625
115.4,114.81002,0.5899795532226619
116.8,117.15126,-0.35126037597656534
117.2,118.31539,-1.115391540527341
118.0,121.0907,-3.0906982421875
119.9,121.812,-1.9119964599609318
118.8,123.07525,-4.275248718261722
117.6,124.42124,-6.821241760253912
119.5,123.37776,-3.8777618408203125
120.5,124.01346,-3.513458251953125
122.5,123.22398,-0.7239837646484375
117.0,122.982925,-5.9829254150390625
108.5,119.088104,-10.588104248046875
105.6,113.20148,-7.601477050781256
108.6,110.687004,-2.0870040893554744
108.9,112.772064,-3.8720642089843693
108.0,114.43254,-6.4325408935546875
107.8,115.641235,-7.841235351562503
109.6,115.42835,-5.828352355957037
110.9,117.22019,-6.320191955566401
111.9,118.9458,-7.045800781249994
114.9,121.02291,-6.122911071777338
113.2,121.888565,-8.68856506347656
112.4,118.26967,-5.869668579101557
116.2,116.673615,-0.47361450195312216
114.0,117.954445,-3.9544448852539062
111.3,116.20918,-4.909182739257815
111.0,114.066734,-3.0667343139648438
109.3,112.938,-3.6380035400390653
107.5,111.0986,-3.598602294921875
105.0,109.71427,-4.714271545410156
106.1,108.75808,-2.6580795288085994
102.3,107.497406,-5.197406005859378
99.9,105.251366,-5.351365661621088
96.2,103.28018,-7.080181884765622
94.9,100.16154,-5.261537170410151
93.2,98.742455,-5.542454528808591
93.0,97.93933,-4.9393310546875
96.0,97.843925,-1.8439254760742188
96.0,98.2355,-2.2354965209960938
94.0,98.823105,-4.8231048583984375
93.0,97.51159,-4.511589050292969
93.7,96.938705,-3.2387054443359347
94.4,98.20221,-3.8022094726562443
95.4,99.94192,-4.541917419433588
96.4,99.62657,-3.226571655273432
97.8,101.375534,-3.5755340576171903
100.7,103.19513,-2.495129394531247
102.5,104.67192,-2.1719207763671875
104.9,105.60499,-0.7049880981445256
109.6,107.547585,2.052415466308588
114.0,110.50711,3.492889404296875
115.3,112.56978,2.7302215576171847
113.0,113.3971,-0.39710235595703125
111.3,113.20772,-1.9077178955078153
114.6,111.083244,3.5167556762695256
116.4,112.02395,4.376051330566412
117.4,113.79483,3.6051696777343807
119.6,115.181,4.419000244140619
116.8,115.18999,1.6100128173828097
116.7,114.1749,2.525103759765628
111.0,113.60686,-2.6068572998046875
106.2,111.33144,-5.131443786621091
108.3,107.437035,0.8629653930664034
109.8,106.999344,2.8006561279296847
109.9,109.04786,0.8521408081054744
109.2,109.496864,-0.2968643188476534
109.1,108.52647,0.5735336303710881
111.3,109.52373,1.7762725830078097
112.3,112.3824,-0.08240051269531534
111.0,114.599335,-3.599334716796875
105.1,115.25488,-10.154882812500006
99.2,111.96817,-12.768170166015622
98.0,106.78825,-8.788253784179688
98.2,105.638695,-7.438694763183591
97.5,105.49561,-7.995613098144531
97.3,104.02851,-6.728511047363284
96.1,103.06485,-6.964849853515631
96.0,101.60023,-5.600227355957031
94.0,100.66573,-6.665733337402344
93.0,98.491745,-5.4917449951171875
92.2,97.69573,-5.495732116699216
90.0,97.56933,-7.569328308105469
90.0,96.38252,-6.3825225830078125
90.0,96.244995,-6.2449951171875
90.0,96.934616,-6.9346160888671875
89.7,96.9155,-7.215496826171872
89.3,97.18909,-7.889086914062503
90.0,97.427,-7.427001953125
90.0,97.27137,-7.271369934082031
90.0,97.436356,-7.4363555908203125
90.0,97.576065,-7.5760650634765625
90.0,98.52832,-8.5283203125
95.0,99.24549,-4.245491027832031
105.7,103.842186,1.857814025878909
102.4,113.451256,-11.051255798339838
105.4,106.65869,-1.2586914062499943
108.1,109.47697,-1.376966857910162
108.0,111.7079,-3.7079010009765625
109.9,109.62449,0.27551116943359943
103.4,109.344406,-5.944406127929682
103.1,106.48655,-3.386549377441412
107.8,105.07446,2.725537109374997
109.7,109.34009,0.35991210937500284
111.8,110.48024,1.3197601318359347
129.0,112.33805,16.661949157714844
144.0,129.13872,14.861282348632812
138.8,139.84229,-1.0422851562499886
118.4,137.35318,-18.95317993164062
117.2,130.15282,-12.952816772460935
122.3,128.30064,-6.00064392089844
116.7,128.7283,-12.028302001953122
109.3,124.49633,-15.196330261230472
110.3,118.28037,-7.980372619628909
114.1,115.415825,-1.3158248901367244
112.4,115.40836,-3.0083633422851506
110.8,115.09824,-4.298243713378909
108.8,114.47196,-5.671961975097659
106.0,113.267685,-7.2676849365234375
108.0,112.285706,-4.28570556640625
107.8,113.30483,-5.504832458496097
107.1,111.911804,-4.811804199218756
106.4,111.32101,-4.921006774902338
108.0,109.30627,-1.3062667846679688
109.6,109.705215,-0.10521545410156818
106.8,110.33365,-3.533648681640628
103.0,108.551926,-5.5519256591796875
101.7,106.02266,-4.32265930175781
102.0,104.44001,-2.4400100708007812
99.8,104.18683,-4.386828613281253
98.2,102.481476,-4.281475830078122
96.8,101.37891,-4.578906250000003
96.0,101.18896,-5.188957214355469
94.8,100.84181,-6.041812133789065
93.0,99.545334,-6.5453338623046875
93.0,97.96663,-4.9666290283203125
92.1,97.94567,-5.845671081542974
90.8,97.13084,-6.330836486816409
91.4,97.03957,-5.639573669433588
93.0,98.017494,-5.017494201660156
96.4,100.23008,-3.8300796508789006
99.9,102.8931,-2.9930969238281193
105.5,106.06786,-0.5678634643554688
101.1,114.43902,-13.339018249511724
99.5,106.65091,-7.150909423828125
102.0,106.05348,-4.0534820556640625
101.0,107.70414,-6.704139709472656
105.8,108.121376,-2.321376037597659
167.6,112.53567,55.0643325805664
116.6,133.08922,-16.489218139648443
120.7,128.65092,-7.950924682617185
114.1,128.06491,-13.96491088867188
106.7,126.95722,-20.25722198486328
124.9,125.3025,-0.40249786376952557
143.9,126.507904,17.39209594726563
134.4,130.56999,3.830007934570318
124.2,130.1516,-5.951596069335935
126.1,127.919846,-1.8198455810546932
123.7,128.46504,-4.76504211425781
121.1,128.0408,-6.940802001953131
110.4,127.508766,-17.1087661743164
110.6,122.28699,-11.686987304687506
108.3,121.936386,-13.63638610839844
104.9,120.366165,-15.466165161132807
104.6,116.48036,-11.880361938476568
106.9,118.09826,-11.198258972167963
110.7,119.426506,-8.726506042480466
111.0,116.98334,-5.98333740234375
110.0,117.68784,-7.687843322753906
107.1,116.498924,-9.3989242553711
109.9,114.62638,-4.726380920410151
111.0,115.58663,-4.586631774902344
109.3,115.634544,-6.334544372558597
105.9,114.09302,-8.193017578124994
104.9,111.63596,-6.735963439941401
103.6,110.326675,-6.726675415039068
102.1,109.087456,-6.987455749511724
99.1,107.415726,-8.315725708007818
95.9,105.12626,-9.22625885009765
95.7,102.60331,-6.903309631347653
96.0,101.80231,-5.80230712890625
96.0,103.01772,-7.017723083496094
95.3,102.62327,-7.323268127441409
95.8,103.11963,-7.319628906250003
96.4,102.81481,-6.414811706542963
96.0,104.28578,-8.285781860351562
93.2,104.139626,-10.939625549316403
94.2,103.94584,-9.745838928222653
95.8,104.31699,-8.516993713378909
97.6,105.64393,-8.043928527832037
104.5,107.33084,-2.830841064453125
101.1,117.38135,-16.281347656250006
103.4,110.64957,-7.249566650390619
105.0,111.38107,-6.381072998046875
109.4,111.50394,-2.1039367675781193
111.0,113.379654,-2.3796539306640625
113.9,115.265305,-1.3653045654296818
115.4,117.81886,-2.418862915039057
117.1,119.50353,-2.4035324096679744
117.4,120.40501,-3.0050064086914006
119.8,120.99866,-1.1986572265625028
130.7,123.28633,7.413668823242176
144.0,130.8448,13.155197143554688
144.0,135.18672,8.813278198242188
138.2,135.62263,2.577365112304676
137.0,133.77486,3.2251434326171875
124.8,132.5864,-7.786395263671878
122.9,129.8376,-6.937600708007807
119.1,126.9631,-7.863096618652349
119.5,121.46445,-1.964447021484375
119.8,121.8483,-2.048297119140628
123.2,122.1652,1.0348007202148466
116.6,126.02865,-9.42864837646485
108.3,127.69374,-19.393740844726565
107.5,123.1193,-15.619300842285156
108.5,120.95022,-12.450218200683594
111.0,121.380775,-10.380775451660156
112.7,123.28236,-10.582356262207028
110.2,123.23086,-13.030857849121091
108.0,121.64242,-13.642417907714844
112.5,119.42794,-6.927940368652344
111.7,118.8384,-7.138401794433591
112.5,114.095146,-1.5951461791992188
114.0,112.78005,1.2199478149414062
114.0,113.96894,0.03105926513671875
113.4,114.4766,-1.0766006469726506
110.7,112.88084,-2.1808364868164034
109.9,112.00173,-2.101731872558588
110.4,111.64707,-1.2470718383789006
109.6,112.33872,-2.738722229003912
110.3,111.9185,-1.6185028076171903
111.3,112.55967,-1.259669494628909
112.7,114.63188,-1.9318817138671847
111.9,116.03581,-4.135812377929682
109.6,116.79626,-7.196257019042974
109.3,115.023865,-5.723864746093753
113.9,116.614006,-2.714006042480463
115.9,119.83007,-3.930070495605463
117.2,123.71301,-6.513012695312497
111.5,131.14195,-19.641952514648438
113.8,127.87695,-14.076953125000003
114.0,127.699234,-13.699234008789062
114.3,126.48285,-12.182849121093753
122.7,125.758064,-3.0580642700195284
212.5,127.85573,84.64427185058594
136.9,152.10504,-15.205041503906244
144.0,135.7281,8.271896362304688
139.6,133.0529,6.547097778320307
113.4,133.33595,-19.935952758789057
128.7,130.0332,-1.3332031250000114
144.0,131.67505,12.324951171875
143.9,134.65248,9.247518920898443
143.8,136.77866,7.021343994140636
143.4,139.657,3.743002319335943
130.1,139.97139,-9.871389770507818
118.6,126.22998,-7.629980468750006
109.7,120.104195,-10.404194641113278
109.2,118.44254,-9.242543029785153
110.2,118.627846,-8.427845764160153
108.0,120.00371,-12.003707885742188
106.2,119.799194,-13.599194335937497
104.4,118.76055,-14.360551452636713
108.0,115.00983,-7.00982666015625
110.4,114.12254,-3.722543334960932
111.1,115.445045,-4.345045471191412
112.0,116.493416,-4.493415832519531
113.8,116.79433,-2.9943267822265653
112.5,117.29896,-4.798957824707031
111.0,115.10787,-4.107872009277344
112.3,113.27078,-0.9707824707031278
108.9,114.32059,-5.420587158203119
103.9,112.51899,-8.618989562988276
99.5,109.4134,-9.913398742675781
99.7,105.94332,-6.243321228027341
97.8,104.388855,-6.588854980468753
96.0,102.05066,-6.0506591796875
96.0,100.58343,-4.583427429199219
96.0,100.28257,-4.282569885253906
96.0,100.27547,-4.2754669189453125
93.3,99.641174,-6.341174316406253
93.0,98.614006,-5.614006042480469
93.3,97.55521,-4.255206298828128
94.8,98.30865,-3.5086471557617216
93.0,98.25762,-5.257621765136719
95.3,97.62895,-2.3289520263671903
101.6,98.74198,2.858018493652338
102.0,103.79166,-1.791656494140625
102.2,114.72472,-12.524716186523435
102.0,118.03172,-16.031723022460938
103.1,118.606026,-15.506025695800787
107.5,118.185646,-10.685646057128906
108.0,117.51059,-9.510589599609375
109.3,118.035194,-8.735194396972659
111.1,119.312454,-8.212454223632818
114.0,121.81384,-7.8138427734375
115.0,123.71335,-8.713348388671875
117.3,125.15802,-7.858020019531253
132.3,126.73788,5.562123107910168
144.0,132.03621,11.963790893554688
144.0,136.1598,7.8401947021484375
144.0,139.14738,4.8526153564453125
145.2,141.9856,3.2144042968749886
143.4,144.91783,-1.5178314208984318
130.3,138.07187,-7.771868896484364
110.1,131.5779,-21.477896118164068
112.2,123.214676,-11.01467590332031
114.0,122.88534,-8.885337829589844
114.0,125.49243,-11.492431640625
114.0,126.23445,-12.234451293945312
115.2,126.17883,-10.978833007812497
119.9,124.98707,-5.087068176269526
118.9,123.90618,-5.006181335449213
114.9,122.4448,-7.544801330566401
113.7,119.95926,-6.259259033203122
111.1,117.923386,-6.823385620117193
110.3,115.9188,-5.618800354003909
107.1,114.71051,-7.610510253906256
106.9,112.22778,-5.327783203124994
105.0,111.05559,-6.0555877685546875
105.1,110.09243,-4.992430114746099
100.7,109.920265,-9.220265197753903
99.0,107.150116,-8.150115966796875
97.1,105.55627,-8.456266784667974
100.5,103.69388,-3.193878173828125
102.0,105.39416,-3.3941574096679688
102.0,107.01868,-5.0186767578125
103.0,107.62215,-4.6221466064453125
102.5,107.53496,-5.0349578857421875
102.0,108.052444,-6.0524444580078125
102.0,107.71019,-5.7101898193359375
100.4,108.37361,-7.973611450195307
102.7,107.90439,-5.204388427734372
105.0,109.49977,-4.4997711181640625
107.1,111.38654,-4.286543273925787
103.7,113.69026,-9.99026184082031
102.2,120.324196,-18.124195861816403
102.2,120.86873,-18.66872863769531
105.8,120.69723,-14.897227478027347
103.7,121.56581,-17.86581115722656
105.6,120.48668,-14.886679077148443
106.5,120.07105,-13.571052551269531
103.0,120.87475,-17.87474822998047
105.0,121.49061,-16.49060821533203
107.0,122.03819,-15.038192749023438
109.4,122.94372,-13.543717956542963
111.8,124.149254,-12.349253845214847
117.4,124.95868,-7.558679199218744
122.5,127.189026,-4.68902587890625
117.2,130.5687,-13.368695068359372
117.0,130.67265,-13.672653198242188
118.1,131.05302,-12.953024291992193
109.6,130.01729,-20.417288208007818
113.0,124.91525,-11.915252685546875
116.8,124.75827,-7.958270263671878
115.6,126.27011,-10.67011108398438
114.0,126.23261,-12.232612609863281
115.9,125.73157,-9.831567382812494
116.6,125.96957,-9.36956634521485
119.6,125.08231,-5.482313537597662
120.3,122.0346,-1.7345993041992216
122.1,121.46727,0.6327301025390568
119.5,121.53923,-2.0392303466796875
115.2,120.187744,-4.987744140624997
114.0,117.359726,-3.3597259521484375
111.4,115.931526,-4.531526184082026
107.7,113.93723,-6.237232971191403
105.0,111.52272,-6.5227203369140625
105.2,110.08371,-4.883709716796872
104.9,109.63643,-4.736428833007807
103.0,108.657364,-5.6573638916015625
101.9,107.70666,-5.806657409667963
104.9,106.30856,-1.4085632324218693
105.0,108.04674,-3.0467376708984375
105.0,108.19504,-3.195037841796875
102.3,108.29006,-5.990061950683597
101.9,107.51173,-5.611726379394526
102.0,106.69808,-4.698081970214844
101.5,106.341194,-4.841194152832031
99.0,107.04349,-8.043487548828125
98.7,105.04174,-6.341740417480466
100.4,104.67409,-4.274087524414057
100.5,105.52267,-5.022666931152344
101.5,106.36721,-4.867210388183594
102.7,107.61274,-4.912739562988278
103.4,108.988655,-5.588655090332026
101.5,110.31617,-8.816169738769531
98.2,109.049286,-10.849285888671872
98.7,106.23084,-7.530842590332028
101.9,105.509834,-3.6098342895507756
103.6,107.01683,-3.416830444335943
106.4,109.64878,-3.2487808227539006
112.0,110.459724,1.5402755737304688
115.1,112.66867,2.4313293457031193
113.9,114.631836,-0.7318359374999943
117.0,115.09768,1.9023208618164062
118.7,117.38101,1.3189880371093778
122.0,119.058,2.9420013427734375
123.8,121.26845,2.5315521240234347
125.1,123.13856,1.961442565917963
123.0,123.202065,-0.20206451416015625
122.0,121.45937,0.5406265258789062
123.5,121.31,2.19000244140625
126.0,121.429085,4.570915222167969
126.4,122.42823,3.9717697143554744
125.9,123.14111,2.7588867187500057
123.7,122.87555,0.8244506835937528
122.7,121.98305,0.7169525146484403
120.1,121.08314,-0.9831375122070369
118.1,120.647644,-2.5476440429687557
120.0,119.511856,0.4881439208984375
120.0,119.6165,0.3834991455078125
118.2,119.92739,-1.727391052246091
116.1,118.64441,-2.5444091796875057
117.0,117.060455,-0.060455322265625
118.8,117.01414,1.785862731933591
114.7,117.97639,-3.2763870239257784
111.1,116.898994,-5.798994445800787
111.0,115.45954,-4.459541320800781
108.8,114.139496,-5.339495849609378
109.0,113.010025,-4.0100250244140625
109.8,111.67686,-1.876856994628909
111.1,111.90452,-0.8045181274414119
112.5,112.63169,-0.13169097900390625
111.0,112.42729,-1.4272918701171875
110.2,111.66004,-1.4600418090820284
109.9,111.13792,-1.2379165649414006
111.0,110.593605,0.40639495849609375
112.3,110.8243,1.4756973266601534
116.1,112.83661,3.2633911132812443
117.4,116.06038,1.3396209716796932
120.5,119.23208,1.2679214477539062
114.2,134.6816,-20.48159484863281
115.4,133.41124,-18.011239624023432
114.2,135.90666,-21.706661987304685
116.7,135.51152,-18.811520385742185
117.9,133.02617,-15.126168823242182
119.8,129.91364,-10.113635253906253
119.5,127.64512,-8.145118713378906
117.6,127.092804,-9.49280395507813
118.3,126.75865,-8.45865173339844
117.4,125.89097,-8.4909683227539
132.6,125.23694,7.363061523437494
144.0,129.42838,14.571624755859375
144.0,135.4176,8.5823974609375
144.0,137.59895,6.4010467529296875
144.0,140.43684,3.5631561279296875
144.0,140.13968,3.860321044921875
139.8,141.43622,-1.6362182617187386
114.5,135.1981,-20.698104858398438
117.6,125.899025,-8.299024963378912
118.9,124.40873,-5.508729553222651
115.9,124.551994,-8.651994323730463
113.7,124.23788,-10.537876892089841
110.7,124.22123,-13.521229553222653
110.7,122.01969,-11.319691467285153
108.0,118.78657,-10.786567687988281
110.7,116.223495,-5.523495483398435
110.8,116.55435,-5.754351806640628
108.0,117.07808,-9.078079223632812
106.5,115.737335,-9.237335205078125
106.0,113.7485,-7.748497009277344
105.7,113.085396,-7.385395812988278
105.3,112.45303,-7.153033447265628
106.3,111.06819,-4.768191528320315
105.2,110.46382,-5.26382141113281
104.5,109.2907,-4.790702819824219
100.0,107.14465,-7.1446533203125
99.0,103.63967,-4.639671325683594
99.7,101.24316,-1.543156433105466
99.0,101.13727,-2.13726806640625
99.0,100.88093,-1.8809280395507812
97.1,99.321884,-2.221884155273443
95.8,97.28238,-1.4823791503906278
94.9,95.46316,-0.5631576538085881
93.0,94.60255,-1.6025466918945312
91.7,92.33842,-0.6384170532226534
91.4,90.41685,0.9831527709960994
93.4,90.949425,2.450575256347662
97.2,94.43784,2.7621566772460966
99.1,109.67778,-10.577780151367193
100.0,117.293,-17.292999267578125
105.6,125.741295,-20.14129486083985
109.2,135.45004,-26.250042724609372
119.9,140.68103,-20.781030273437494
202.3,149.39658,52.903424072265636
131.2,180.5245,-49.324505615234386
136.3,166.43434,-30.13434143066405
130.7,167.7051,-37.005093383789074
123.3,153.59557,-30.29556579589844
136.4,134.00969,2.390310668945318
144.0,132.34035,11.659652709960938
144.0,141.29436,2.7056427001953125
144.0,145.75691,-1.7569122314453125
144.0,145.063,-1.0630035400390625
140.1,139.66122,0.4387756347656193
143.8,132.24335,11.556652832031261
136.4,129.15776,7.242239379882818
127.7,128.54547,-0.8454711914062472
122.8,126.02924,-3.229243469238284
103.6,125.49976,-21.899763488769537
102.6,117.63143,-15.03143157958985
104.3,116.9015,-12.601496887207034
103.3,115.77963,-12.479632568359378
105.0,112.29726,-7.2972564697265625
107.1,111.56599,-4.465986633300787
107.3,112.37026,-5.070262145996097
107.8,113.326836,-5.526835632324222
108.0,113.9713,-5.9712982177734375
107.9,114.20562,-6.305619812011713
108.0,113.72444,-5.7244415283203125
108.0,113.531815,-5.5318145751953125
108.0,112.07821,-4.078208923339844
107.0,110.93186,-3.9318618774414062
107.0,109.494705,-2.4947052001953125
105.0,108.02578,-3.0257797241210938
103.6,106.50098,-2.9009765625000057
102.2,104.99502,-2.795018005371091
104.6,103.852516,0.7474838256835881
103.4,104.20039,-0.8003936767578068
104.8,102.76279,2.037213134765622
105.0,102.92697,2.073028564453125
105.1,104.33572,0.7642837524414006
92.9,104.078064,-11.178063964843744
89.5,94.62385,-5.123847961425781
89.8,90.32518,-0.5251800537109403
98.2,91.31407,6.885928344726565
105.1,99.834045,5.265954589843744
105.1,119.85659,-14.7565902709961
106.4,125.79896,-19.398957824707026
109.4,133.47939,-24.079385375976557
113.5,139.34009,-25.840087890625
117.0,142.76685,-25.766845703125
119.9,141.87132,-21.971322631835932
120.6,138.8796,-18.279592895507818
120.1,134.63786,-14.537863159179693
120.0,130.93288,-10.932876586914062
119.5,126.74143,-7.241432189941406
133.4,125.151024,8.248976135253912
143.9,128.27165,15.628347778320318
144.0,135.63193,8.368072509765625
144.0,140.5537,3.4463043212890625
144.0,141.96875,2.03125
144.0,140.10637,3.8936309814453125
142.9,140.69951,2.200491333007818
115.7,137.63542,-21.935421752929685
116.4,125.52572,-9.125718688964838
116.4,122.75005,-6.350053405761713
117.3,122.71575,-5.415751647949222
116.5,124.74617,-8.246170043945312
114.1,125.482635,-11.38263549804688
117.0,124.320076,-7.320075988769531
117.7,122.13271,-4.432713317871091
117.0,121.54534,-4.545341491699219
117.0,121.55899,-4.558990478515625
117.6,121.76449,-4.164488220214849
119.9,121.65768,-1.757676696777338
119.8,122.49915,-2.699153137207034
118.7,122.477486,-3.7774856567382784
117.8,121.887344,-4.087344360351565
120.0,121.091705,-1.091705322265625
120.0,120.91232,-0.912322998046875
117.9,120.81273,-2.912728881835932
112.8,118.921646,-6.121646118164065
111.0,115.72263,-4.722633361816406
111.2,113.74456,-2.544560241699216
113.1,113.16428,-0.06428375244141193
112.7,113.919525,-1.2195251464843722
113.8,113.669685,0.1303146362304659
112.8,114.018936,-1.2189361572265653
111.0,114.079025,-3.0790252685546875
111.0,112.8656,-1.8656005859375
111.4,111.71687,-0.3168731689453068
113.6,112.57446,1.0255371093749943
115.0,113.7603,1.2397003173828125
127.3,116.00569,11.294308471679685
124.7,133.40799,-8.707989501953122
119.7,134.72195,-15.021954345703122
121.0,134.8883,-13.8883056640625
121.0,137.71767,-16.717666625976562
134.5,135.35724,-0.85723876953125
209.9,140.57068,69.3293212890625
142.0,182.18687,-40.18687438964844
144.0,160.18289,-16.182891845703125
141.6,153.12599,-11.525991821289068
128.7,149.33453,-20.63453369140626
135.2,126.70441,8.495593261718739
144.0,126.88335,17.116653442382812
144.5,134.61781,9.882186889648438
143.9,138.16869,5.731314086914068
137.5,137.69492,-0.194915771484375
139.8,132.84612,6.953884887695324
136.2,133.27899,2.9210083007812386
124.3,130.09499,-5.794985961914065
126.5,122.25579,4.244209289550781
125.4,119.771164,5.628836059570318
126.9,120.18225,6.717749023437506
131.6,121.69258,9.907418823242182
129.1,124.634224,4.465776062011713
123.6,124.605354,-1.005354309082037
123.4,123.44331,-0.043313598632806816
123.0,122.9068,0.09320068359375
125.0,123.34398,1.6560211181640625
125.3,123.84853,1.4514663696289034
124.5,123.715614,0.7843856811523438
122.7,123.023674,-0.3236740112304659
122.9,122.100006,0.7999938964843807
122.0,121.79834,0.20166015625
122.8,120.91906,1.8809402465820284
123.0,120.26099,2.739013671875
122.6,119.88763,2.7123733520507756
120.8,118.91277,1.8872268676757784
120.8,117.48316,3.316838073730466
114.9,116.87157,-1.9715667724609318
110.0,113.2143,-3.2143020629882812
111.0,109.749,1.2509994506835938
108.0,109.28421,-1.284210205078125
105.4,106.89719,-1.4971862792968693
101.8,103.9776,-2.177600097656253
102.0,101.606255,0.39374542236328125
102.9,100.680435,2.219564819335943
105.3,101.10032,4.199681091308591
111.8,103.22968,8.570317077636716
124.5,106.36281,18.137191772460938
123.7,118.45492,5.245082092285159
118.7,121.80684,-3.1068389892578097
120.2,126.428314,-6.228314208984372
120.0,133.7987,-13.7987060546875
120.1,135.52632,-15.426321411132818
120.6,135.52306,-14.923056030273443
125.1,136.15201,-11.05200805664063
129.4,136.14862,-6.748620605468744
134.4,134.96497,-0.5649658203124943
134.0,131.65952,2.340484619140625
135.0,127.312065,7.687934875488281
144.0,126.97141,17.028587341308594
144.0,135.64558,8.354415893554688
141.1,141.02742,0.07257995605468182
133.0,139.2086,-6.2086029052734375
133.9,130.41495,3.4850524902343807
130.5,130.0474,0.452606201171875
122.0,126.272675,-4.272674560546875
124.0,119.212326,4.7876739501953125
126.7,118.06353,8.636470031738284
129.8,120.768814,9.031185913085949
132.7,122.8965,9.803500366210926
122.8,124.56545,-1.7654525756835966
114.8,121.30154,-6.501536560058597
116.9,118.051575,-1.1515747070312443
115.5,117.44024,-1.9402389526367188
115.3,117.388824,-2.088824462890628
123.3,117.831024,5.468975830078122
127.2,121.47569,5.724307250976565
125.1,123.8488,1.2511993408203068
122.7,123.37546,-0.6754577636718722
123.7,121.76521,1.9347869873046903
125.5,121.30493,4.195068359375
125.8,121.22687,4.573132324218747
125.7,120.74613,4.953868103027347
124.8,119.487236,5.312763977050778
124.4,119.07888,5.321119689941412
124.2,118.02113,6.17886657714844
123.3,117.4907,5.809300231933591
125.6,117.13292,8.467080688476557
124.3,117.801926,6.49807434082031
121.7,117.95393,3.7460662841796903
123.1,117.098915,6.001084899902338
124.3,117.405136,6.89486389160156
121.7,117.86403,3.8359710693359403
120.0,116.63301,3.3669891357421875
125.3,115.493385,9.806614685058591
143.3,119.01571,24.284291076660168
143.1,134.0471,9.052896118164057
131.2,136.20062,-5.000622558593761
132.4,130.82793,1.5720733642578182
138.5,130.04938,8.45062255859375
140.6,129.97949,10.620507812499994
138.6,129.56569,9.034310913085932
134.8,127.937355,6.862644958496105
133.4,126.49307,6.906927490234381
133.2,125.571915,7.628085327148426
131.3,124.59696,6.703038024902355
131.2,123.786835,7.413165283203114
124.0,123.17654,0.8234634399414062
124.4,120.38585,4.014151000976568
127.3,120.70446,6.595539855957028
129.3,122.46492,6.835079956054699
132.1,123.89712,8.2028823852539
129.1,125.3649,3.7351013183593693
130.6,125.03111,5.568887329101557
132.0,125.079895,6.92010498046875
131.7,125.083916,6.61608428955077
131.0,125.447624,5.552375793457031
128.9,124.78988,4.110121154785162
118.4,123.48553,-5.085527038574213
105.8,119.32878,-13.52878112792969
102.5,112.68443,-10.184432983398438
100.9,108.42733,-7.527330017089838
100.7,106.882805,-6.182804870605466
94.5,106.82013,-12.32012939453125
100.0,104.06673,-4.0667266845703125
99.6,104.9826,-5.382597351074224
99.5,104.236916,-4.736915588378906
107.9,102.64848,5.251516723632818
121.9,105.58593,16.314070129394537
127.3,112.84261,14.457386779785153
132.4,115.71759,16.682409667968756
128.1,118.98286,9.117143249511713
123.0,118.024635,4.975364685058594
122.8,115.14557,7.654431152343747
121.9,114.41432,7.485678100585943
123.4,114.07984,9.320158386230474
123.1,115.37864,7.721360778808588
123.5,116.02144,7.4785614013671875
123.0,117.09832,5.901679992675781
117.7,116.630554,1.0694458007812528
116.7,114.076836,2.623164367675784
121.4,114.33864,7.061361694335943
124.2,117.71538,6.484622192382815
129.1,123.16151,5.938493347167963
133.3,126.124405,7.175595092773449
135.6,130.35875,5.241250610351557
136.7,131.3043,5.395693969726551
137.2,136.372,0.8280059814453011
132.4,132.71315,-0.3131500244140568
131.3,129.13515,2.164852905273449
132.1,125.9957,6.104302978515619
131.5,123.87479,7.625213623046875
133.4,122.428986,10.97101440429688
132.4,122.26341,10.136587524414068
134.5,122.09277,12.4072265625
136.6,122.44126,14.158738708496088
136.6,122.68314,13.916856384277338
137.3,122.06296,15.237042236328136
139.6,122.22172,17.378282165527338
135.9,123.047104,12.852896118164068
137.6,123.40652,14.1934829711914
134.8,122.746864,12.053135681152355
128.3,120.17923,8.120770263671886
125.2,117.50224,7.697756958007815
120.0,115.39933,4.600669860839844
120.0,112.71089,7.2891082763671875
120.9,113.14874,7.751257324218756
122.1,113.82072,8.279283142089838
120.0,114.913055,5.086944580078125
120.0,114.18091,5.819091796875
121.2,114.507576,6.692424011230472
128.0,115.48866,12.511337280273438
129.0,118.57939,10.420608520507812
130.5,119.37871,11.121292114257812
132.0,121.0658,10.934196472167969
128.0,122.1813,5.818702697753906
126.3,120.58401,5.715992736816403
126.0,119.186905,6.8130950927734375
125.4,118.38699,7.013006591796881
126.0,118.005196,7.994804382324219
124.5,118.12043,6.379570007324219
123.0,117.643715,5.356285095214844
123.0,116.8199,6.1800994873046875
123.6,116.38117,7.218827819824213
123.0,117.17725,5.822746276855469
120.7,116.98448,3.7155181884765653
123.9,116.063126,7.836874389648443
126.0,117.59445,8.405548095703125
126.9,119.347466,7.552534484863287
126.0,119.75252,6.2474822998046875
132.0,120.16408,11.835922241210938
139.8,125.801346,13.998654174804699
143.0,141.20993,1.790069580078125
143.8,141.20717,2.592831420898449
137.0,142.84668,-5.8466796875
130.1,136.02187,-5.921865844726568
123.5,127.2755,-3.7754974365234375
126.0,122.703224,3.2967758178710938
135.5,121.42004,14.079963684082031
143.8,123.70195,20.098049926757824
144.0,126.96565,17.034347534179688
144.0,128.30788,15.692123413085938
143.7,129.08536,14.614642333984364
140.7,131.81963,8.880374145507801
263.0,131.66235,131.337646484375
209.8,189.14397,20.656033325195324
197.7,185.70032,11.999682617187489
193.6,181.45836,12.141641235351557
167.5,173.16995,-5.669952392578125
140.4,153.81827,-13.41826782226562
135.0,143.33777,-8.3377685546875
124.8,132.95787,-8.15787048339844
121.4,130.8583,-9.45830688476562
116.8,127.581375,-10.781375122070315
115.9,123.986465,-8.086465454101557
120.8,120.74413,0.05586700439452841
114.1,119.24645,-5.146452331542974
112.7,115.514366,-2.814366149902341
122.0,114.19843,7.801567077636719
116.1,118.657906,-2.557905578613287
117.4,115.73881,1.6611923217773494
117.1,114.78818,2.3118225097656193
116.6,114.26084,2.339158630371088
116.3,113.07494,3.2250564575195284
118.0,112.106,5.8939971923828125
120.2,113.54132,6.658679199218753
119.9,115.32565,4.574346923828131
117.8,115.39073,2.4092681884765597
117.0,113.76829,3.2317123413085938
115.4,111.409294,3.990705871582037
115.2,110.615906,4.584094238281253
114.1,110.316536,3.783464050292963
114.0,109.50744,4.492561340332031
114.0,110.620926,3.3790740966796875
114.4,110.86803,3.531973266601568
114.0,110.99625,3.003753662109375
114.4,111.18547,3.214529418945318
117.0,113.10881,3.8911895751953125
118.6,115.687386,2.912614440917963
133.0,123.52263,9.477371215820312
128.2,150.3788,-22.178799438476574
128.9,150.65112,-21.751123046874994
130.7,151.59462,-20.894619750976574
126.0,147.1264,-21.12640380859375
145.1,137.51735,7.582650756835932
233.9,145.57979,88.3202117919922
191.0,191.15863,-0.15863037109375
204.8,175.42897,29.37102966308595
190.4,183.57182,6.828176879882818
131.4,174.0867,-42.68670043945312
139.7,151.89583,-12.195828247070324
195.3,150.9346,44.365399169921886
229.7,184.34152,45.358477783203114
208.7,197.99483,10.705172729492176
201.7,189.7722,11.927798461914051
200.5,176.45113,24.048873901367188
164.2,169.07182,-4.871823120117199
124.0,147.23872,-23.238723754882812
126.6,133.84286,-7.242864990234381
118.8,132.4968,-13.696795654296878
118.5,129.47311,-10.973114013671875
129.1,128.81377,0.2862335205078068
119.1,131.37451,-12.274511718750006
124.9,123.95322,0.9467834472656307
127.0,123.412964,3.5870361328125
120.9,124.97281,-4.072808837890619
117.3,124.997314,-7.697314453125003
117.3,123.774475,-6.474475097656253
124.0,122.396454,1.603546142578125
123.0,121.344444,1.6555557250976562
122.1,119.878525,2.221475219726557
122.9,118.372116,4.527883911132818
123.0,117.719,5.280998229980469
122.7,117.49214,5.20785827636719
122.5,117.306656,5.1933441162109375
119.5,116.27757,3.2224273681640625
117.3,114.10686,3.1931427001953097
116.9,112.51763,4.382368469238287
118.2,112.23185,5.968150329589847
117.8,112.96336,4.83663635253906
117.2,113.13184,4.068156433105472
116.8,114.09671,2.703289794921872
114.6,114.63049,-0.030493164062505684
114.0,114.03151,-0.0315093994140625
115.3,113.6153,1.684696960449216
111.7,114.037766,-2.3377655029296847
105.3,113.175476,-7.875476074218753
112.9,108.29357,4.606428527832037
104.8,126.04855,-21.248553466796878
104.7,116.3765,-11.676502990722653
105.0,110.78485,-5.78485107421875
104.5,108.161644,-3.6616439819335938
99.0,108.27471,-9.274711608886719
100.1,106.94067,-6.840666198730474
101.0,107.03809,-6.038093566894531
100.1,108.99697,-8.8969711303711
99.1,108.53884,-9.4388412475586
101.4,108.864845,-7.464845275878901
124.5,110.54484,13.955162048339844
205.7,116.65612,89.04387969970702
135.0,152.35413,-17.3541259765625
144.0,149.82526,-5.82525634765625
144.0,156.32951,-12.329513549804688
138.5,158.70444,-20.204437255859375
126.5,151.87015,-25.370147705078125
108.9,128.7042,-19.80419311523437
106.7,112.135376,-5.435375976562497
108.5,108.38424,0.11576080322265625
102.6,110.79056,-8.19055786132813
105.7,108.21806,-2.5180633544921847
107.7,109.58109,-1.8810928344726534
104.7,111.12058,-6.420582580566403
105.0,109.98035,-4.9803466796875
105.0,110.72954,-5.7295379638671875
105.2,110.90328,-5.703282165527341
106.3,111.64777,-5.347773742675784
105.0,111.478935,-6.478935241699219
105.1,110.279305,-5.179304504394537
105.0,111.50067,-6.50067138671875
105.0,110.94739,-5.9473876953125
104.7,111.23138,-6.531376647949216
101.5,110.204254,-8.704254150390625
100.3,107.677734,-7.377734375000003
96.9,106.88095,-9.98095092773437
98.2,105.01148,-6.811482238769528
99.1,105.7721,-6.672102355957037
99.0,105.731155,-6.7311553955078125
99.0,105.912605,-6.912605285644531
98.8,106.284584,-7.484584045410159
99.1,106.6772,-7.577200317382818
99.0,108.142044,-9.142044067382812
97.5,107.59275,-10.092750549316406
99.0,107.978134,-8.978134155273438
100.5,109.17893,-8.678932189941406
104.5,111.47765,-6.977653503417969
114.1,115.380844,-1.2808441162109432
104.8,129.1572,-24.357196044921878
106.1,120.470505,-14.370504760742193
109.6,119.63575,-10.035749816894537
112.8,120.508575,-7.708575439453128
137.2,123.54279,13.657206726074207
221.8,129.11388,92.68612365722657
193.3,151.3613,41.938702392578136
191.5,159.644,31.856002807617188
161.3,164.3876,-3.0876037597656136
130.2,151.29532,-21.095318603515636
131.3,134.18013,-2.880130004882801
143.1,130.71507,12.384927368164057
142.3,138.09332,4.206677246093761
142.1,145.36171,-3.261709594726568
142.9,148.35788,-5.457879638671869
142.0,149.52983,-7.5298309326171875
133.4,149.4149,-16.014901733398432
122.4,140.70435,-18.304345703124994
120.9,126.47109,-5.571092224121088
120.6,123.81828,-3.218283081054693
119.8,122.88805,-3.0880462646484403
118.8,120.089485,-1.289485168457034
118.0,123.16282,-5.162818908691406
114.4,122.99072,-8.590722656249994
115.6,117.841286,-2.241285705566412
115.7,118.10311,-2.403111267089841
114.2,118.279945,-4.079945373535153
117.0,116.83821,0.1617889404296875
114.8,118.51748,-3.7174789428710966
113.9,117.09053,-3.190530395507807
113.3,116.008095,-2.708094787597659
112.2,115.641235,-3.441235351562497
111.0,114.59465,-3.5946502685546875
111.3,113.94339,-2.643389892578128
110.7,113.331154,-2.6311538696289034
108.0,112.05171,-4.0517120361328125
107.9,110.50076,-2.6007629394531193
110.7,110.19243,0.5075714111328153
110.2,112.09791,-1.8979080200195284
108.6,110.45903,-1.8590301513671932
108.0,108.5958,-0.5958023071289062
108.3,109.02127,-0.7212707519531278
108.6,109.184975,-0.5849746704101619
106.5,108.94319,-2.4431915283203125
106.1,106.20681,-0.10680999755859943
108.4,106.98467,1.415327453613287
109.0,109.91694,-0.9169387817382812
121.5,111.58559,9.914413452148438
117.0,133.39426,-16.394256591796875
118.3,129.48238,-11.182376098632815
119.6,129.80986,-10.209860229492193
128.0,132.74826,-4.748260498046875
119.6,135.09293,-15.49292602539063
121.9,127.69881,-5.798806762695307
119.3,125.28071,-5.980708312988284
124.1,123.76713,0.33287200927733807
128.3,124.84416,3.455838012695324
125.3,126.29086,-0.9908630371093778
135.9,126.541565,9.358435058593756
183.5,131.9959,51.50410461425781
233.5,155.3422,78.15780639648438
160.1,186.09984,-25.999838256835943
144.0,170.55603,-26.5560302734375
144.0,158.42868,-14.428680419921875
143.6,153.99748,-10.397482299804693
122.7,154.17934,-31.47933654785156
118.6,133.40512,-14.80512084960938
118.8,125.887024,-7.087023925781253
119.1,126.58524,-7.485243225097662
120.1,128.6398,-8.53980102539063
120.7,129.138,-8.438000488281247
129.3,126.007034,3.292965698242199
131.5,126.34562,5.154380798339844
122.4,128.30168,-5.901681518554682
121.0,126.04124,-5.041236877441406
130.2,124.807816,5.392184448242176
128.8,126.71225,2.0877502441406364
128.2,125.44545,2.754550170898426
122.6,124.66966,-2.069662475585943
120.0,121.243454,-1.2434539794921875
120.0,118.7157,1.2843017578125
119.7,118.730576,0.9694244384765653
115.9,118.690155,-2.7901550292968693
116.0,117.26278,-1.2627792358398438
116.5,117.31605,-0.8160476684570312
116.6,117.40988,-0.8098815917968807
117.6,117.82251,-0.22250976562500568
120.0,118.251175,1.7488250732421875
119.4,118.97111,0.42889251708984943
118.2,119.12134,-0.9213378906249972
117.8,118.22866,-0.4286605834960966
119.6,117.40036,2.1996398925781193
119.5,118.749054,0.750946044921875
118.4,118.303566,0.09643402099609943
120.8,117.89249,2.907513427734372
129.3,119.99267,9.307331848144543
123.3,132.70259,-9.402590942382815
123.6,133.04694,-9.446936035156256
123.6,134.54208,-10.94208374023438
118.1,140.56934,-22.469335937500006
121.5,129.33867,-7.8386688232421875
125.8,127.5721,-1.7720977783203153
121.7,128.05853,-6.358532714843747
120.4,125.52241,-5.122407531738276
123.0,124.92141,-1.9214096069335938
122.9,124.92018,-2.020181274414057
122.5,124.68572,-2.1857223510742188
123.5,124.8241,-1.3240966796875
126.1,126.41349,-0.31349029541016193
120.7,127.22247,-6.522473144531247
122.5,125.52996,-3.0299606323242188
122.7,126.044044,-3.3440444946289034
126.0,126.78048,-0.7804794311523438
115.7,125.97203,-10.272030639648435
121.0,121.10766,-0.10765838623046875
127.7,124.4679,3.2320968627929716
133.0,127.9701,5.029899597167969
119.5,129.03209,-9.532089233398438
118.1,123.97994,-5.879942321777349
125.7,121.503654,4.196345520019534
126.1,119.7275,6.372499084472651
125.4,120.10896,5.291036987304693
123.8,119.511185,4.288815307617185
122.7,118.62761,4.072390747070315
123.2,118.113716,5.086283874511722
126.2,119.373535,6.826464843750003
126.2,121.74736,4.452639770507815
126.0,122.05951,3.94049072265625
124.6,121.521324,3.0786758422851506
125.5,121.167915,4.332084655761719
124.7,120.924515,3.7754852294921903
123.0,120.14788,2.8521194458007812
122.7,119.464165,3.235835266113284
122.8,119.51361,3.286389160156247
123.0,119.419495,3.58050537109375
121.5,119.67483,1.8251724243164062
122.9,119.523895,3.3761047363281307
123.3,120.697655,2.6023452758789034
122.1,120.750854,1.3491455078124943
120.4,120.654945,-0.25494537353515057
119.0,119.70892,-0.70892333984375
119.8,118.25815,1.5418518066406222
120.5,118.87964,1.620361328125
122.0,119.58369,2.4163131713867188
124.8,119.60713,5.192868041992185
121.5,122.10194,-0.6019363403320312
126.9,124.63303,2.2669662475585994
124.3,131.39178,-7.091784667968753
116.8,136.85995,-20.059954833984378
119.6,125.330284,-5.730284118652349
121.3,124.32282,-3.022822570800784
117.0,123.6583,-6.658302307128906
118.0,120.67129,-2.6712875366210938
120.5,120.721466,-0.221466064453125
118.7,122.0404,-3.340397644042966
119.1,120.97586,-1.8758605957031307
123.8,120.749115,3.050885009765622
119.9,120.19165,-0.2916503906249943
120.9,121.12306,-0.22306213378905682
120.6,121.136406,-0.5364059448242244
120.7,120.2173,0.48269958496094034
124.2,121.2512,2.9488021850585966
123.2,121.69403,1.5059692382812528
125.2,123.97452,1.2254821777343778
121.7,120.96623,0.7337677001953153
122.5,118.8479,3.652099609375
122.8,119.85671,2.9432876586914034
124.6,120.4219,4.178102111816401
123.4,121.936104,1.4638961791992244
116.6,122.10135,-5.501348876953131
105.8,118.163475,-12.363475036621097
106.3,109.89755,-3.597552490234378
106.6,111.6677,-5.067701721191412
107.1,110.30938,-3.2093795776367244
108.0,111.27284,-3.2728424072265625
108.5,111.53002,-3.0300216674804688
107.4,112.06476,-4.664758300781244
106.8,109.91602,-3.116023254394534
105.2,108.72217,-3.522167968749997
103.7,107.97138,-4.271382141113278
104.5,107.5455,-3.045501708984375
105.3,108.70481,-3.404811096191409
106.5,109.12737,-2.6273727416992188
107.4,110.844925,-3.444924926757807
110.5,111.46804,-0.9680404663085938
111.0,113.890564,-2.89056396484375
111.0,113.71491,-2.7149124145507812
109.0,114.802124,-5.8021240234375
108.3,112.598694,-4.298693847656253
112.5,112.75122,-0.251220703125
119.2,115.8837,3.316302490234378
128.3,121.520226,6.779774475097668
122.7,137.05423,-14.354229736328122
123.4,130.73195,-7.331948852539057
125.2,130.05565,-4.855648803710935
122.6,129.80577,-7.205770874023443
123.7,126.37437,-2.6743667602539034
127.9,127.403206,0.49679412841797443
121.2,127.59063,-6.390629577636716
120.0,125.948456,-5.948455810546875
120.4,124.81984,-4.419839477539057
118.8,125.31524,-6.515238952636722
127.1,124.37528,2.724717712402338
223.8,125.336876,98.46312408447267
192.2,156.42041,35.77958984374999
137.3,164.54617,-27.246173095703114
144.0,155.7707,-11.770706176757812
143.9,150.29791,-6.397912597656244
138.7,145.98363,-7.283627319335949
125.9,135.20337,-9.303369140624994
129.3,123.08505,6.214947509765636
134.1,122.400826,11.699174499511713
129.0,124.02751,4.9724884033203125
125.8,122.75444,3.0455596923828097
115.3,122.20722,-6.907221984863284
105.6,117.19051,-11.59051361083985
105.0,112.31355,-7.3135528564453125
105.0,110.67079,-5.6707916259765625
105.8,109.349434,-3.549433898925784
105.0,108.918434,-3.9184341430664062
107.1,107.572105,-0.47210540771484943
109.9,109.01749,0.8825134277343807
114.7,110.40761,4.29239196777344
120.2,112.99691,7.203089904785159
119.6,116.61986,2.980142211914057
120.0,115.79331,4.206687927246094
119.7,116.83192,2.8680831909179716
117.5,116.65462,0.8453826904296875
117.0,115.70747,1.2925262451171875
115.1,114.856415,0.24358520507811932
109.8,113.22089,-3.420886230468753
108.0,109.656555,-1.65655517578125
109.0,107.9645,1.0354995727539062
108.1,108.29402,-0.19402160644531818
108.6,107.85092,0.7490783691406193
111.0,108.075165,2.924835205078125
111.7,108.245346,3.4546539306640653
113.7,108.100815,5.599185180664065
120.4,108.53782,11.8621810913086
139.1,115.59772,23.502282714843744
140.6,130.10727,10.49273071289062
143.3,132.39114,10.908856201171886
144.0,133.68987,10.310134887695312
144.0,133.97702,10.022979736328125
143.3,134.95418,8.345822143554699
231.4,145.89977,85.50023498535157
198.9,198.37892,0.5210784912109432
168.0,187.69748,-19.697479248046875
141.0,170.19365,-29.193649291992188
140.2,161.89207,-21.69207458496095
141.1,140.13507,0.9649291992187443
143.9,137.56282,6.337179565429693
144.0,149.51436,-5.5143585205078125
142.5,155.75835,-13.258346557617188
212.1,156.65646,55.44353637695312
166.7,189.49522,-22.79522399902345
162.0,157.69812,4.3018798828125
148.6,142.71078,5.889215087890619
133.1,119.331474,13.768525695800776
129.5,129.82968,-0.329681396484375
123.7,130.04985,-6.349850463867185
115.7,128.15134,-12.451336669921872
117.2,124.25909,-7.059086608886716
121.6,122.89884,-1.298841857910162
128.6,122.13253,6.467469787597651
127.0,126.77138,0.2286224365234375
128.6,126.75143,1.8485733032226506
129.0,127.0982,1.9018020629882812
129.0,127.353615,1.6463851928710938
123.9,127.18977,-3.289773559570307
120.5,124.37755,-3.8775482177734375
122.7,122.59145,0.10854644775390909
125.0,122.98003,2.0199737548828125
128.5,124.01543,4.4845733642578125
126.9,124.99483,1.9051727294921932
124.8,124.3105,0.48949890136718466
120.0,122.47933,-2.4793319702148438
96.8,118.60957,-21.809573364257815
98.1,106.24747,-8.14746704101563
108.1,103.323044,4.776956176757807
115.7,110.09586,5.604136657714847
121.5,114.905174,6.594825744628906
112.0,117.51062,-5.5106201171875
105.2,112.38338,-7.18337707519531
106.1,108.49709,-2.3970932006835994
107.1,108.38973,-1.2897323608398494
111.0,108.58899,2.4110107421875
127.3,113.85884,13.441159057617185
116.5,132.37903,-15.8790283203125
100.8,132.46353,-31.663531494140628
98.5,123.750244,-25.250244140625
97.4,117.09566,-19.695657348632807
94.0,115.00325,-21.003250122070312
101.7,107.09071,-5.39071350097656
102.8,106.59937,-3.799372863769534
108.4,109.00012,-0.6001220703124943
116.1,112.43344,3.6665588378906193
117.0,118.12544,-1.1254425048828125
129.5,119.04419,10.455810546875
144.0,132.35481,11.645187377929688
144.0,141.31076,2.689239501953125
139.7,143.73515,-4.035153198242199
130.0,138.4073,-8.407302856445312
131.2,132.18327,-0.9832733154296989
117.4,128.9532,-11.553201293945307
110.6,123.34819,-12.748190307617193
122.6,117.45722,5.142778015136713
122.0,120.16508,1.8349227905273438
123.0,121.014595,1.9854049682617188
122.7,121.93783,0.7621719360351591
117.1,122.57988,-5.479879760742193
111.4,120.38736,-8.98735961914062
115.0,118.43611,-3.4361114501953125
117.7,119.82373,-2.123730468749997
117.1,121.74262,-4.642622375488287
114.9,121.55702,-6.657022094726557
112.1,119.93445,-7.834448242187506
111.0,117.8837,-6.883697509765625
111.2,117.04432,-5.844319152832028
109.6,116.99825,-7.398252868652349
109.3,115.953865,-6.653865051269534
108.6,115.1608,-6.560797119140631
107.0,114.06669,-7.066688537597656
104.5,112.83472,-8.334716796875
105.0,110.90223,-5.902229309082031
105.5,110.66439,-5.164390563964844
106.3,111.11848,-4.818476867675784
104.9,111.46876,-6.568757629394526
103.3,110.51057,-7.210566711425784
103.0,109.71857,-6.71856689453125
101.9,109.13994,-7.239938354492182
102.0,108.84834,-6.8483428955078125
102.0,108.65605,-6.6560516357421875
104.5,109.64038,-5.140380859375
106.9,110.811066,-3.9110656738281193
119.7,115.68288,4.01712341308594
115.5,129.18283,-13.682830810546875
108.9,124.19482,-15.294816589355463
112.9,123.34446,-10.4444595336914
115.8,123.553154,-7.753153991699222
127.8,123.55168,4.24831848144531
233.2,127.269104,105.93089599609374
133.4,160.01028,-26.61028442382812
144.0,137.95386,6.046142578125
141.9,138.62714,3.2728637695312557
124.4,132.77159,-8.371591186523432
136.6,126.251114,10.348886108398432
144.0,130.84418,13.15582275390625
199.4,135.44214,63.957861328125006
196.1,154.09138,42.00861511230468
199.5,157.16776,42.332244873046875
168.3,165.61302,2.686978149414074
165.3,144.74489,20.55511169433595
170.6,130.07968,40.52031860351562
174.6,123.40314,51.196862792968744
159.4,121.41628,37.98371734619141
154.0,114.08884,39.911163330078125
134.5,112.899536,21.6004638671875
128.0,115.53081,12.469192504882812
118.4,122.22899,-3.828988647460932
119.6,119.15966,0.44033966064452557
122.2,119.43375,2.766253662109378
120.0,120.5874,-0.58740234375
118.4,119.83251,-1.432511901855463
115.6,118.73252,-3.132521057128912
115.1,117.47778,-2.3777832031250057
114.0,116.42938,-2.42938232421875
111.1,115.11754,-4.017538452148443
111.0,112.7944,-1.794403076171875
111.1,111.77842,-0.6784194946289119
109.5,110.783936,-1.283935546875
110.2,109.43159,0.7684127807617216
109.5,109.677605,-0.17760467529296875
110.1,109.16719,0.9328094482421818
109.0,108.9057,0.09429931640625
108.5,108.88413,-0.38413238525390625
108.3,108.892456,-0.5924560546875028
107.1,109.332214,-2.2322143554687557
105.7,109.29841,-3.5984085083007784
106.0,109.51877,-3.518768310546875
105.1,109.63486,-4.534857177734381
105.0,107.77486,-2.7748565673828125
111.1,108.829956,2.2700439453124943
128.8,114.32884,14.471157836914074
122.8,129.8029,-7.00290222167969
120.8,121.564606,-0.7646057128906278
125.3,120.24602,5.05398254394531
141.5,122.31823,19.18177032470703
140.6,128.66415,11.93584594726562
139.4,128.15685,11.243154907226568
140.2,128.3529,11.847094726562489
142.2,128.0977,14.102297973632801
135.5,127.9512,7.548797607421875
133.8,125.230194,8.569805908203136
141.7,124.71472,16.98527832031249
144.0,130.85966,13.140335083007812
144.0,137.63513,6.3648681640625
144.0,140.08939,3.910614013671875
144.0,139.90198,4.0980224609375
144.0,140.1074,3.8925933837890625
138.7,138.00734,0.6926605224609261
121.9,130.91743,-9.017434692382807
105.9,120.621765,-14.721765136718744
94.2,113.73418,-19.534176635742185
95.3,108.14505,-12.845050048828128
96.5,104.61688,-8.11688232421875
92.0,103.427284,-11.427284240722656
91.2,100.00636,-8.80636291503906
92.4,97.69419,-5.294190979003901
90.3,96.02525,-5.72525329589844
94.5,95.624466,-1.1244659423828125
96.0,98.982605,-2.98260498046875
93.4,100.26013,-6.860131835937494
96.0,98.78562,-2.7856216430664062
96.0,99.18654,-3.1865386962890625
96.0,99.14851,-3.1485137939453125
95.9,99.05286,-3.1528564453124943
98.0,98.987236,-0.9872360229492188
99.3,100.23399,-0.9339935302734403
96.6,101.051094,-4.451094055175787
97.8,99.239174,-1.439173889160159
97.8,99.46515,-1.6651489257812528
96.2,99.25461,-3.054608154296872
98.5,98.83615,-0.336151123046875
99.3,100.39452,-1.0945236206054716
99.0,101.79505,-2.7950515747070312
98.8,101.60907,-2.809069824218753
98.7,102.26186,-3.561863708496091
99.3,102.38648,-3.086482238769534
100.4,102.86118,-2.4611831665039006
109.1,103.892555,5.207444763183588
123.6,110.97639,12.623612976074213
114.2,116.87134,-2.671337890624997
113.1,111.559586,1.5404144287109318
107.8,112.338264,-4.538264465332034
99.7,108.59339,-8.893391418457028
99.0,103.31751,-4.317512512207031
101.3,102.13382,-0.8338195800781278
104.5,102.64385,1.8561477661132812
107.2,104.830864,2.369136047363284
110.2,106.526115,3.673884582519534
109.4,107.970505,1.4294952392578182
108.5,108.235825,0.2641754150390625
111.2,107.936035,3.263964843750003
114.3,108.386986,5.913014221191403
119.5,111.27118,8.22882080078125
119.2,114.523125,4.676875305175784
120.5,114.43752,6.062477111816406
115.1,115.34815,-0.24815216064453693
107.6,113.24624,-5.646238708496099
114.5,108.95323,5.5467681884765625
111.2,112.09575,-0.8957489013671847
109.5,111.03179,-1.5317916870117188
109.8,110.42574,-0.6257431030273466
109.6,110.043564,-0.4435638427734432
108.0,110.00787,-2.00787353515625
108.0,109.42467,-1.4246673583984375
105.1,109.01768,-3.917677307128912
105.0,108.26557,-3.2655715942382812
105.1,108.59287,-3.492872619628912
104.9,109.92827,-5.028268432617182
105.0,108.78489,-3.7848892211914062
105.0,107.64112,-2.6411209106445312
104.3,107.39685,-3.096850585937503
103.3,106.593216,-3.2932159423828153
103.1,105.56082,-2.4608215332031307
104.4,105.06351,-0.6635070800781193
102.1,104.90223,-2.802229309082037
102.0,103.84087,-1.8408737182617188
102.0,104.242714,-2.2427139282226562
101.9,104.17455,-2.274552917480463
100.2,103.711205,-3.511204528808591
98.9,103.183464,-4.283464050292963
99.0,102.478516,-3.478515625
99.1,102.593735,-3.493734741210943
98.8,102.93466,-4.134661865234378
97.3,102.15345,-4.853450012207034
99.3,102.36624,-3.066241455078128
101.8,103.57894,-1.7789413452148466
102.3,104.34779,-2.0477935791015653
108.1,104.913086,3.1869140624999943
113.9,109.43156,4.468443298339849
118.6,112.05017,6.549829101562494
123.7,115.67239,8.027606201171878
126.1,117.5553,8.544702148437494
126.3,119.49428,6.805722045898435
125.6,120.18746,5.412538146972651
123.8,120.27416,3.5258377075195284
128.0,119.82927,8.170730590820312
127.6,121.47279,6.127206420898432
124.1,121.59834,2.501657104492182
120.2,120.95173,-0.7517288208007784
115.3,118.17568,-2.8756820678710966
122.0,115.06171,6.93829345703125
129.1,116.719215,12.380784606933588
127.4,120.20802,7.191976928710943
124.3,121.322426,2.977574157714841
125.8,119.405334,6.394665527343747
124.7,119.8184,4.881602478027347
124.5,119.54234,4.9576568603515625
120.2,119.39149,0.8085128784179716
117.0,117.71796,-0.71795654296875
117.9,115.808395,2.091604614257818
113.6,114.78322,-1.1832183837890682
111.0,113.027084,-2.0270843505859375
111.1,111.544624,-0.44462432861328693
111.0,111.079315,-0.079315185546875
111.0,111.040535,-0.04053497314453125
111.0,111.189804,-0.1898040771484375
111.1,111.327736,-0.22773590087891193
111.8,111.774315,0.025685119628903408
111.0,111.55653,-0.5565338134765625
111.0,111.079666,-0.0796661376953125
111.1,110.53594,0.5640579223632756
110.5,109.617355,0.8826446533203125
108.8,108.860435,-0.06043548583984659
109.8,108.07654,1.7234619140624972
108.5,108.10557,0.39443206787109375
107.5,107.74358,-0.24358367919921875
107.4,107.18907,0.21092834472656818
108.3,107.294334,1.0056655883789034
106.0,108.555664,-2.5556640625
107.5,108.00403,-0.5040283203125
108.4,108.06623,0.33376922607422443
108.4,109.533745,-1.133744812011713
110.2,109.70525,0.4947463989257841
117.5,109.53802,7.961982727050781
139.2,116.1723,23.02769775390624
142.4,127.53623,14.8637680053711
144.0,125.45803,18.541969299316406
144.0,126.52409,17.475906372070312
144.0,128.12866,15.871337890625
144.0,129.46297,14.537033081054688
134.1,131.36487,2.7351318359374943
135.0,130.63554,4.3644561767578125
137.7,129.6313,8.068698120117176
139.8,130.17183,9.628170776367199
143.7,130.6572,13.042803955078114
141.8,131.61203,10.187969970703136
144.0,132.88889,11.111114501953125
144.0,138.34128,5.658721923828125
144.0,140.21529,3.7847137451171875
144.0,140.89142,3.10858154296875
144.0,140.52092,3.4790802001953125
141.0,140.00198,0.998016357421875
129.4,135.76465,-6.364648437499994
134.7,129.1873,5.512698364257801
132.8,129.38692,3.413082885742199
141.2,128.16478,13.035220336914051
131.0,129.53505,1.4649505615234375
124.1,126.10252,-2.002523803710943
121.1,122.896454,-1.7964538574218807
118.3,120.808235,-2.508235168457034
115.4,118.743004,-3.343003845214838
114.0,116.27479,-2.2747879028320312
114.3,113.98447,0.31553344726562216
113.4,114.10487,-0.7048736572265568
111.6,112.80454,-1.204542541503912
110.3,111.17916,-0.8791610717773466
108.5,109.64771,-1.1477127075195312
108.1,108.643295,-0.5432952880859432
109.4,107.87212,1.527876281738287
107.4,107.869064,-0.4690643310546818
107.5,106.80422,0.6957778930664062
108.0,106.55917,1.440826416015625
107.7,106.606384,1.0936157226562528
108.9,106.42023,2.4797729492187557
110.7,107.84027,2.859729003906253
109.2,109.061745,0.1382553100585966
110.0,109.20805,0.7919464111328125
108.9,109.112076,-0.21207580566405682
108.4,108.46032,-0.060319519042963066
107.6,108.610535,-1.0105346679687557
107.7,108.75915,-1.059147644042966
113.8,108.93151,4.868489074707028
132.2,114.12846,18.0715362548828
131.9,126.89545,5.004553222656256
132.5,123.85207,8.647926330566406
136.0,123.55603,12.4439697265625
140.9,124.79102,16.108976745605474
142.7,127.564735,15.135264587402332
140.7,130.87158,9.828417968749989
217.7,133.23195,84.46805114746093
113.5,163.53398,-50.03398132324219
106.4,134.92715,-28.52715454101562
99.7,127.95615,-28.256146240234372
128.3,123.49725,4.802746582031261
143.8,127.08293,16.717068481445324
143.7,131.98727,11.712725830078114
143.4,135.88744,7.512564086914068
143.8,137.0545,6.745495605468761
125.7,136.01842,-10.318417358398435
119.8,128.93948,-9.139483642578128
121.3,126.90833,-5.608332824707034
116.5,124.61247,-8.112472534179688
116.9,121.74543,-4.845429992675776
116.6,122.97416,-6.374159240722662
118.0,123.50134,-5.5013427734375
120.7,124.74683,-4.046833801269528
123.4,125.83009,-2.430093383789057
123.8,124.65237,-0.8523666381835966
118.5,124.34477,-5.8447723388671875
109.8,121.768326,-11.968325805664065
114.9,115.77116,-0.8711563110351506
120.0,116.314125,3.6858749389648438
122.7,118.29142,4.408580017089847
123.3,119.28248,4.017521667480466
119.2,120.63232,-1.432316589355466
112.4,118.01543,-5.615426635742182
109.3,111.932945,-2.6329452514648466
106.1,108.208786,-2.108786010742193
101.8,106.389496,-4.589495849609378
102.0,104.2475,-2.24749755859375
102.9,104.503044,-1.603044128417963
102.6,105.958565,-3.358564758300787
101.8,105.041046,-3.241046142578128
102.0,104.559906,-2.559906005859375
101.4,105.399025,-3.9990249633789006
99.5,105.76735,-6.2673492431640625
101.3,105.46073,-4.160731506347659
100.4,106.80241,-6.402406311035151
98.9,106.45397,-7.553971862792963
105.3,105.904785,-0.6047851562500028
115.5,110.438324,5.061676025390625
109.4,124.61465,-15.214646911621088
113.3,114.16543,-0.8654281616210966
118.3,114.44291,3.857090759277341
120.2,117.80357,2.3964263916015653
122.6,119.130684,3.469316101074213
125.1,120.810486,4.289514160156244
124.4,122.1186,2.2814010620117244
125.3,121.7074,3.592602539062497
125.2,121.518036,3.681964111328128
125.3,119.99019,5.309811401367185
138.0,121.56346,16.436538696289062
146.2,128.48135,17.718646240234364
128.3,131.10832,-2.808322143554676
177.0,130.25423,46.74577331542969
162.3,137.1602,25.139797973632824
132.6,138.82541,-6.225408935546881
119.8,135.3086,-15.508593750000003
119.2,125.50173,-6.301731872558591
122.4,119.59141,2.8085922241210994
121.4,117.927635,3.472364807128912
120.3,117.612755,2.6872451782226534
118.8,116.51827,2.2817276000976534
114.3,115.56323,-1.2632324218750028
112.1,112.84228,-0.7422775268554744
112.1,110.69855,1.4014526367187443
112.9,110.127556,2.772444152832037
113.4,111.62305,1.7769531250000057
113.9,111.51196,2.3880371093750057
112.0,111.27563,0.7243728637695312
112.5,110.38717,2.1128311157226562
111.2,110.27988,0.9201232910156278
110.5,110.30689,0.19310760498046875
108.9,110.07704,-1.1770416259765568
108.0,109.19069,-1.1906890869140625
107.0,108.24387,-1.2438735961914062
108.0,106.69984,1.3001632690429688
110.0,108.26242,1.737579345703125
108.6,109.247536,-0.6475357055664119
108.0,109.58926,-1.5892562866210938
106.7,109.120255,-2.4202545166015597
106.3,109.13097,-2.8309661865234403
107.7,109.41602,-1.7160232543945284
106.7,109.35719,-2.6571929931640597
106.0,108.4536,-2.4535980224609375
106.3,108.67284,-2.3728363037109403
110.5,109.70279,0.797210693359375
114.5,111.72175,2.7782516479492188
124.3,114.586555,9.713444519042966
124.8,129.05313,-4.253131103515628
124.6,125.22397,-0.6239685058593807
128.1,124.17844,3.9215637207031193
131.6,124.615845,6.984155273437494
133.6,125.07122,8.528779602050776
224.8,128.97768,95.82232360839845
137.1,164.03993,-26.939932250976568
144.0,138.11371,5.88629150390625
143.1,136.9319,6.168099975585932
117.9,137.4073,-19.507302856445307
131.2,130.34663,0.8533660888671761
143.8,132.1838,11.616192626953136
144.0,135.62929,8.370712280273438
143.7,135.53593,8.164065551757801
143.4,134.63786,8.762136840820318
143.8,134.23326,9.566738891601574
139.9,135.04579,4.854208374023443
120.3,134.6434,-14.343402099609378
126.1,130.872,-4.771994018554693
123.6,130.72556,-7.125555419921881
118.0,129.74573,-11.7457275390625
114.6,127.50416,-12.904158020019537
112.6,125.334206,-12.734205627441412
111.3,123.60632,-12.306323242187503
118.2,122.580414,-4.380413818359372
122.2,123.42166,-1.2216613769531222
121.9,122.823875,-0.9238754272460881
125.7,122.40475,3.295252990722659
122.4,122.56569,-0.16568908691405682
122.0,120.857124,1.1428756713867188
114.0,119.377754,-5.377754211425781
109.4,115.27956,-5.879556274414057
110.8,111.565025,-0.7650253295898466
111.0,111.16849,-0.168487548828125
110.4,111.577354,-1.177354431152338
108.2,110.8736,-2.673596191406247
108.4,109.747734,-1.347734069824213
108.6,109.64017,-1.0401672363281307
108.4,109.205055,-0.8050552368164006
109.0,109.6678,-0.6678009033203125
108.0,110.15354,-2.1535415649414062
107.5,110.00241,-2.502410888671875
105.8,110.092636,-4.29263610839844
105.9,109.434616,-3.534616088867182
103.4,109.765205,-6.365205383300776
105.0,108.021416,-3.0214157104492188
109.0,107.78863,1.2113723754882812
117.5,113.94181,3.5581893920898438
114.2,127.771065,-13.571064758300778
116.5,128.36124,-11.861236572265625
125.2,127.243645,-2.043644714355466
130.7,130.33696,0.36304016113280113
127.6,131.93933,-4.339331054687506
114.4,131.31741,-16.91741333007812
103.0,127.39073,-24.390731811523438
106.7,124.32055,-17.620549011230466
119.6,122.47487,-2.874868774414068
124.6,124.89424,-0.2942413330078182
135.1,127.9403,7.159700012207026
144.0,132.23866,11.761337280273438
143.3,137.89368,5.406323242187511
132.0,136.14973,-4.1497344970703125
133.6,128.73203,4.867974853515619
144.3,127.83168,16.46831970214845
144.0,136.50499,7.4950103759765625
144.0,139.88419,4.115814208984375
144.0,141.60121,2.3987884521484375
144.0,142.297,1.7030029296875
140.1,140.42741,-0.3274139404296932
119.3,133.11366,-13.813662719726565
115.0,125.022865,-10.022865295410156
117.6,120.24937,-2.649366760253912
116.9,117.07382,-0.17382202148436932
115.8,115.20516,0.5948379516601534
120.0,114.61977,5.3802337646484375
119.9,116.31435,3.585653686523443
115.0,116.70927,-1.7092666625976562
113.2,113.78613,-0.5861328124999972
108.2,111.85857,-3.6585662841796847
106.1,109.714645,-3.614645385742193
105.0,107.380264,-2.3802642822265625
105.0,106.998184,-1.9981842041015625
105.6,106.25196,-0.6519607543945369
107.8,107.06623,0.7337692260742159
109.1,108.03211,1.067887878417963
111.0,109.14982,1.8501815795898438
110.7,110.38207,0.3179275512695341
109.5,110.62859,-1.1285934448242188
110.6,110.45751,0.14248809814452557
110.1,111.63933,-1.5393280029296932
108.7,111.134705,-2.434704589843747
108.7,110.875015,-2.1750152587890597
119.7,110.925385,8.774615478515628
134.7,119.53247,15.167529296874989
129.5,131.97528,-2.47528076171875
134.5,129.22574,5.274261474609375
138.8,127.4865,11.313496398925793
143.4,128.11182,15.288183593750006
144.0,128.51212,15.487884521484375
144.0,129.43369,14.566314697265625
144.0,131.31888,12.681121826171875
140.0,132.99321,7.0067901611328125
143.2,131.79692,11.403079223632801
141.0,132.13391,8.8660888671875
144.0,133.37416,10.625839233398438
144.0,132.78929,11.210708618164062
133.9,132.64514,1.2548583984375057
126.8,131.76123,-4.961230468750003
123.6,128.4724,-4.872396850585943
120.4,123.14857,-2.7485671997070256
120.8,119.19412,1.6058776855468722
115.0,118.32212,-3.3221206665039062
109.8,114.72639,-4.926387023925784
111.5,112.210106,-0.7101058959960938
110.0,112.53751,-2.5375137329101562
111.0,110.82922,0.1707763671875
108.0,110.057,-2.0569992065429688
104.5,108.31647,-3.81646728515625
104.7,106.505325,-1.8053253173828097
106.3,106.84534,-0.5453369140625028
110.3,107.20636,3.093640136718747
98.6,109.31645,-10.716452026367193
99.8,103.43833,-3.638331604003909
96.8,101.507416,-4.707415771484378
96.0,99.41763,-3.417633056640625
96.0,98.487785,-2.4877853393554688
95.3,98.4648,-3.1647979736328153
93.6,98.0894,-4.489401245117193
93.0,96.456406,-3.4564056396484375
91.0,93.81464,-2.81463623046875
90.1,93.18554,-3.0855392456054744
90.9,92.992065,-2.0920654296874943
91.3,93.0991,-1.799098205566409
92.0,93.21715,-1.2171478271484375
92.3,92.366066,-0.06606597900390909
93.0,93.169586,-0.169586181640625
93.3,93.843056,-0.5430557250976591
95.8,94.73722,1.062779235839841
95.6,97.03133,-1.4313262939453182
97.8,96.730545,1.0694549560546847
105.9,97.760345,8.13965454101563
105.8,103.614395,2.1856048583984347
113.6,103.551346,10.048654174804682
121.8,109.28278,12.517216491699216
135.1,113.087234,22.012765502929682
142.7,120.85495,21.845050048828114
132.9,123.56812,9.331877136230474
130.6,122.3938,8.206201171874994
133.1,122.24801,10.85199127197265
135.7,123.148254,12.551745605468739
131.9,124.3135,7.586500549316412
134.9,123.80918,11.0908187866211
134.8,124.64397,10.156033325195324
128.0,125.707405,2.2925949096679688
132.3,124.13883,8.161167907714855
133.5,126.178055,7.3219451904296875
128.0,126.901115,1.0988845825195312
130.2,123.990685,6.209315490722645
128.7,123.13351,5.566493225097645
128.9,122.03301,6.866987609863287
128.8,122.56555,6.234448242187511
119.5,122.10858,-2.60858154296875
116.1,117.04331,-0.9433120727539119
112.8,114.42059,-1.6205932617187528
110.7,111.72283,-1.022831726074216
108.5,109.65413,-1.1541290283203125
105.1,108.164345,-3.064344787597662
102.0,106.32377,-4.323768615722656
99.4,103.69175,-4.291749572753901
98.2,101.5635,-3.363499450683591
96.5,99.786285,-3.286285400390625
97.2,99.02203,-1.8220336914062472
99.3,99.2026,0.09740142822265341
101.0,100.054695,0.9453048706054688
99.1,100.29136,-1.191358947753912
98.8,100.323944,-1.5239440917968778
97.2,99.9433,-2.743298339843747
96.1,99.04487,-2.944868469238287
94.0,98.70712,-4.707122802734375
92.9,96.95145,-4.051446533203119
90.8,96.08551,-5.285510253906253
88.0,95.23709,-7.237091064453125
87.3,93.843254,-6.543254089355472
88.9,93.35501,-4.455010986328119
93.8,94.10547,-0.30546875000000284
102.6,97.66628,4.933717346191401
98.1,102.08569,-3.9856933593750057
101.8,99.242645,2.557354736328122
118.7,103.705734,14.994265747070315
138.4,122.47175,15.928251647949224
134.7,136.35168,-1.6516845703125114
135.4,135.46204,-0.062036132812494316
136.9,135.65414,1.2458557128906307
144.0,135.3482,8.65179443359375
144.0,136.17555,7.8244476318359375
143.4,138.6307,4.769293212890631
132.8,138.67146,-5.871463012695301
128.6,133.25632,-4.656317138671881
125.7,130.41284,-4.712841796874997
127.3,128.8389,-1.5388977050781278
129.0,129.30923,-0.309234619140625
